Restaurant_Name,Platform,Language,Review_Text,human_food,human_service,human_atmos,human_price,annotation_note
โกปี๊ นิมมาน อาหารเช้า,Google Maps,Thai,พนักงานหน้าตึงมาก นี่ก็เพิ่งเคยมา เขียนรายละเอียดไม่ครบ พนง. มาถามคือตึงเว่อร์ สั่งโบราณเซ็ตไป แล้วในรูปมันเป็นชาไทยเลยคิดว่าเป็นชาไทย ไม่ได้อ่านข้างล่างว่าเลือกได้ แล้วพอ พนง. เดินมาถาม เลยบอกว่าแปปนะคะ ขอดูรูปก่อนว่าเป็นรายการไหน …,N/A,NEG,N/A,N/A,[TRUNCATED]
Newtown Nimman,Google Maps,English,"Very friendly, good coffee. A hipster's paradise. The staff are also very friendly👍 …",POS,POS,POS,N/A,[TRUNCATED]
Real Good Pasta,Google Maps,English,"My opinion on this restaurant, and I would say it's a little unusual. Basically, the food is very good, but the environment isn't really suitable. We don't really feel very welcome, and the atmosphere isn't very pleasant. …",POS,NEG,NEG,N/A,[TRUNCATED]
เดอะ สลัด คอนเซ็ปท์,TripAdvisor,English,Monstrous giant megagiga portion of nice vegetables... it was absolutely fantastic. The choices you have and the dressings are absolutely spot on. You definatelly need to taste it. Wealth is Health!,POS,N/A,N/A,N/A,
สมาย คิชเช่น ร้านอาหารญี่ปุน,Google Maps,Thai,อร่อยมากกก คิดถึงอยากไปกินอีกกก แกงกะหรี่หมูทอด,POS,N/A,N/A,N/A,
Nainoi Malatang นายน้อยหม่าล่าทัง,Google Maps,Thai,รสชาติดี บรรยากาศชิลๆ,POS,N/A,POS,N/A,
Lumi - Italian Restaurant,TripAdvisor,Thai,Summer salad with tuna and tuna tartar so delicious และ ขอบคุณเจ้าของวันเกิดที่แนะนำสถานทีดีๆสวย มุมถ่ายรูปเยอะ พนักงานดูแลดี เครื่องดื่มต้อง one night in chiangmai 👍🏻 and thank for Panda and Ann,POS,POS,POS,N/A,
Groon,Google Maps,English,"Natural yeast toast and Groon Morning coffee are super yummy. Cute minimal cafe, but quite limited seats.",POS,N/A,NEU,N/A,
ข้าวมันไก่ โกยี,Google Maps,Thai,"อร่อย ไช่ได้
 หอม สะอาด …",POS,N/A,POS,N/A,[TRUNCATED]
โค บี คิว,TripAdvisor,English,"I live in Bangkok and Chiang Mai and always looking for a nice Korean restaurant because I love Korean food and just found out this Resturant KOBQ in Nimman road, make me feel like I'm eating the food in Korea!!! Love the kimchigikae and Fried chicken and the BBQ buffet is very cheap compared to the quality of meat.👍",POS,N/A,POS,POS,
Lumi - Italian Restaurant,TripAdvisor,English,Amazing view and cool atmosphere. Come for sunset and enjoy your drinks with the Mountain View! Highly recommend,NUE,N/A,POS,N/A,
เดอะ สลัด คอนเซ็ปท์,TripAdvisor,English,"The salad concept has it all nailed down from an interior designer's / atmosphere standpoint. It is really cool inside. The food is good, but not exceptional (at least not for the price). It's unique from other salad places though so i go sometimes.",NEU,N/A,POS,NEG,
ภัตตาคารเจี่ยท้งเฮง สาขาวัน นิมมาน,Google Maps,Thai,อาหารอร่อยทำจานเล็กลง มากินกันสอง สามคนสบายๆๆ บรรยากาศดี,POS,N/A,POS,N/A,
S&A Beverages Nimman,Google Maps,Thai,บรรยากาศดีมากครับ,N/A,N/A,POS,N/A,[SHORT]
แดน ข้าวมันไก่ บายแมก สาขาศิริมังคลาจารย์,Google Maps,English,Good place,N/A,N/A,POS,N/A,[SHORT]
Kiwami Curry ??,Google Maps,English,Very nice curry and staff very good smile too,POS,POS,N/A,N/A,
Why Not?,TripAdvisor,English,"The perfect place for a relaxed dinner, in the heart of Chiang Mais answer to Soho: Nimman. Fabulous food, good wine and the owner makes a point of stopping by each table to chat. On this visit, with a total of two weeks in Chiang Mai, this Place has become our favourite neighborhood restaurant.",POS,POS,POS,N/A,
เดอะ สลัด คอนเซ็ปท์,TripAdvisor,English,"I went with a couple of friends. This place has a nice vibe and staff were quite friendly too. There are a number of different options for salads, combined with multiple types of toppings etc. Its quite a creative concept, I felt. The food was top class. The place is also clean and hygienic.",POS,POS,POS,N/A,
Hong Tauw Inn,Google Maps,English,"This is an excellent Thai restaurant, with a homey feel. It's a family run business with a focus on freshness and quality. The serves tend to be on the small side, but the prices match. You can eat very well, very cheaply.",POS,N/A,POS,POS,
Smoothie Blues,TripAdvisor,English,"I went here several times when staying in Chiang Mai, it is located on the trendy Nimman Road. I'm not sure what the opening hours are but most people seem to visit for lunch/brunch and the menu reflects this. There are lots of options, mainly western but also some Asian and plenty of choice for vegetarians. It is quite small and has a nice atmosphere with seating both inside & out, the service was always very good when I visited. It's not the cheapest place to eat in Chiang Mai but I'll definitely be back.",POS,POS,POS,NUE,
Lumi - Italian Restaurant,TripAdvisor,Thai,"ขอเขียนรีวิว 3 ส่วนใหญ่ๆ ( สถานที่ - บริการ - อาหาร ) ""สถานที่"" หาง่าย รถแดง อูเบอร์ ต่างก็รู้จัก แถมพูดติดปากว่า ""ร้านที่ดาราๆ ชอบไปนั่งใช่ป่าว ?"" ร้านตั้งอยู่ใจกลางซอยนิมมาน9 ซอยทั้งซอย มีร้านรวงสุดฮิป ร้่นนั่งชิล หรือบาร์ฝั่งตรงข้าม เพราะงั้น ไปร้านนี้ ก็สามารถเดินไปหาร้านนั่งฟังเพลงถัดไปได้ ทำเลคุ้มมาก การตกแต่งภายใน หรูหราสมกับแบรนด์โรงแรมหรูไซด์เล็ก ( Small luxury hotel ) มีให้เลือกทั้งแบบแอร์คอนหรือออลเฟรชโก้ด้านนอก ใช้โทนสีดำเป็นสีหลักในการตกแต่ง ขับความรู้สึกแบบ italian fine dinning ได้ดีมากๆ นอกจากเป็นร้านที่เหมาะกับทุกโอกาส พาใครไปเดท ก็มั่นใจได้ว่า โรแมนติกใช่ย่อย น้อคใจแฟนคุณได้ชัวร์ๆ ครับ ""บริการ"" คุณแป๋ม ( ป้ายชื่อเขียนว่า Pam ) คือดาวเด่นของร้าน ชอบที่น้องสามารถแนะนำเมนูได้ดีมากๆ ใส่ใจต่ออาหารแต่ละจาน คุณแป๋มจะอธิบายว่า ถ้าเราสั่งตัวนี้ ควรทานคู่กับอาหารจานไหน เพราะอะไร และไม่มีการยัดเยียดขายอาหารจนอึดอัด ชอบที่น้องบอกเราว่า อย่าลืมเผื่อท้องสำหรับของหวานด้วย พนง ท่านอื่นๆ ก็น่ารัก ที่นี่ จะมีช่องว่างปล่อยให้ผมกับเพื่อนได้ทานกันเป็นส่วนตัวจริงๆ ""อาหาร"" เราไปถึงร้านประมาณทุ่มตรง ลูกค้ายังไม่เยอะ ทำให้เชฟใหญ่ของร้าน ( เชฟเบส ) สามารถเดินมาทักทายพวกเราได้ รู้สึกเซอร์ไพรส์กับความละเอียดของการเลือกวัตถุดิบ เช่น มะเขือเทศที่เลือกมา จะสั่งจากยอดดอย โครงการหลวง ส่วนผสมจึงสดใหม่จริงๆ อาหารที่สั่ง แนะนำโดยเชฟเบส โจทย์คือ ผมไม่ทานเนื้อสัตว์ เพื่อนผมไม่ทานเนื้อ เชฟจึงแนะนำมาให้ 4 จาน ( ผมเขียนคำแนะนำต่างๆ พร้อมภาพแล้ว ) เวลาไปร้านอาหารใหม่ๆ ผมจะเชื่อใจคนวงในมากกว่าเสี่ยงสั่งเอง และเชฟก็ไม่ทำให้ผิดหวัง ผมไม่ทราบว่าอาหารอิตาเลี่ยนขนาดแท้เป็นยังไง แต่รสชาติที่ได้ คือกลมกล่อมถูกใจคนใต้แบบผมและเพื่อนมากๆ อยากให้ลองสั่งสลัดที่ผมทาน มะเขือเทศหวานมากๆ แถมซ๊อสเพสโต้ก็เข้ากันได้ดี ยิ่งเจอชีสก้อนนุ่ม ผมนี่ ฟินลืมโลก ตัวย้อคชี่ อีกจานเด็ดที่การันตีว่า คุณจะจำร้านนี้ไปอีกนาน ย้อคชี่ที่ผมเคยทานจากร้านอื่น จะแข็งบ้าง เนื้อด้านสากบ้าง แต่ร้านนี้ น้อคผมอยู่หมัด อีกตัวคือกุ้งทอดในน้ำมันพริกเผากระเทียม เพื่อนผมบอกว่า ความหอมของกุ้ง ไม่ได้มาจากทอดน้ำมัน แต่มันหอมเหมือนผ่านการอบหรือย่างมากลายๆ ทำให้ชูโรงเด่นขึ้นมา ของหวาน เราสั่งแมงโก้พานาค๊อตต้า ผมชอบที่มันหวานพอดีคำมากๆ มะม่วงที่เลือกมา ก็หอม ขับให้เนื้อพานาค้อตติาที่เราทาน ลงตัวไร้ที่ติ ปิดจ้อบชนะใจโต๊ะผมแบบเต็มๆ ตอนเช็คบิลเห็นราคา ผมแทบช๊อค ราคาไม่ได้แพงเหมือนที่คาดการณ์ไว้ในใจ เพื่อนผมทักว่า มันน่าจะสูงกว่านี้นะ ถ้าเทียบกับอาหารต่างๆ ที่เสริฟออกมา และบริการต่างๆ ที่ทำให้ร้านนี้เป็นไฟน์ดายนิ่ง หลายๆร้านอาหารในนิมมาน มักได้ยินว่า ลองดูนะ ลองไปนะ แต่สำหรับผมและเพื่อน เห็นตรงกันว่า Italics & Rise คือเพชรยอดมงกุฎของนิมมาน Read less",POS,POS,POS,POS,
ร้านเนื้อตุ๋นรสเยี่ยม นิมมาน ซอย 11,Google Maps,Thai,น้ำซุปร้อนมาก ปอเปี๊ยะใส่แน่นมาก,POS,N/A,N/A,N/A,
อังเคิลคานิ,Google Maps,English,"The flavors are good, however the beef itself was unfortunately chewy. Prices are also a bit high (70 baht for an iced tea) and charge 3% for card",NEU,N/A,N/A,NEG,
Rock Me Burger & Bar Nimman Branch,TripAdvisor,English,"Ate here at about 3pm on a Monday. Service was excellent, however the food wasn't even edible. Ordered the Mac and cheese burger. The Mac and cheese was average at best. Greasy and not much flavor. The burger meat was absolutely disgusting. Really weird off-putting flavor. Dry but greasy at the same time. Ate about 1/3 of it and gave up. Fries actually were really good. Don't believe the good reviews and the delicious looking food. You will be disappointed.",NEG,POS,N/A,N/A,
นินจา ราเมง,Google Maps,Thai,ราเมงชุปกระดูกวัวอร่อยทุกครั้งที่มากิน,POS,N/A,N/A,N/A,
Rock Me Burger & Bar Nimman Branch,TripAdvisor,Thai,"ร้าน 🍔 เจ้าดังที่เชียงใหม่เปลี่ยนเจ้าของหรอคะ? วันนี้ไปทานมา ผิดหวังสุดๆ!! ห่วยมาก 🍔 5-6/10 มีร้านที่ลำปาง ทำ beef patty y อร่อยกว่าที่ร้านนี้อีก, burger bun.. nothing special 🍗 2/10 ปีกไก่รสชาติเหมือน BonChon ปลอม พอกแป้งมาหนามาาาก กินไปคนละชิ้นแล้วไม่มี ใครแตะอีกเลย 🥗 3/10 ไม่ผ่านอย่างแรง แต่ต้องกิน เพราะผักใน burger เค้าให้มาน้อย 🍟 เดี๋ยวนี้กลายเป็น shoestring fries แบบของ Mc.Donald d’s ไปซะแล้ว เมื่อก่อนดีงามกว่านี้มากมาย สรุปภาพรวมทั้งหมด = 4/10 Customer Experience แย่มากๆ ตั้งแต่ไปถึงสาขาแรกที่ Night Bazaar ฝ่าดง งรถติดตั้งแต่สถานีรถไฟเชียงใหม่ ข้ามสะพานนวรัฐ กว่าจะมาถึงเจอรถติดเกือบชั่วโมง พอไปถึง..แม่ง ร้านปิด แต่ใน Facebook หลักของร้านก็ไม่มีก การแจ้งบอกว่าปิดนะ (อันนี้เราเองก็ผิด ที่ไม่โทรไปเช็คก่อน... แต่ในเมื่อ Internet บอกว่าร้านเปิด เราก็เลือกที่จะเชื่อ Internet) แล้วก็ต้ องฝ่าดงรถติดไปอีกครึ่งชั่วโมง เพื่อไปทานสาขานิมมาน พอไปถึง.. ไม่มีที่จอด 🙄 ต้องขับไปจอดเกือบปากซอย 15 แล้วเดินย้อนกลับมาที่ร้าน คือพย ยายามมาก หิ้วท้องรอมื้อนี้มาตั้งแต่เช้า จะกินต้องได้กิน! ถึงร้านแล้วเดินไปนั่งโต๊ะในสุดริมกระจกข้างใน ข้างนอกมีฝรั่งนั่งอยู่ 1 คน และ ม มีคู่นักท่องเที่ยวชาวไต้หวัน(มั้ง) ทั้งร้านมีลูกค้าอยู่ 7 คน มีพนักงานอีกประมาณ 6-7 คน ถือว่าพนักงานเยอะนะ ต่อจำนวนลูกค้าในร้าน แต่.... .. พนักงาน ไม่ attentive เลย!! เรียกได้ว่า ไม่สนใจลูกค้าเลย พนักงานเอาเมนูมาให้นะ - แต่พอถึงเวลาจะสั่งอาหาร เราต้องลุกจากโต๊ะแล้วเดินออ อกไปเรียกพนักงานให้มารับออเดอร์ พอพนักงานเอาน้ำมาเสริฟ ยังเทน้ำไม่ครบทุกแก้ว - เราต้องเดินเอาแก้วไปเปลี่ยน เพราะแก้วสกปรก ยังมีคราบเศษอ อาหารแห้งติดขอบแก้วอยู่เลย พอจะเช็คบิล - เราต้องเดินออกไปหน้าร้านเพื่อขอเช็คบิล พอจะจ่ายตังค์ - เราต้องเดินเอาไปให้เค้า (พนักงานคนนึงทำ ำท่าเหมือนยืนรอรับอยู่ แต่เค้าไม่มองโต๊ะเราเลยนะ เค้ามัวแต่ยืนคุยกับเพื่อนร่วมงาน สายตาเลยมองไม่เห็นมือที่เราโบกเรียกเค้าอยู่ประมาน 3-4 4 ครั้ง ปรากฎว่า ร้านนี้ไม่รับบัตรเครดิต! จะขอจ่ายเงินแบบ QR Code ก็ไม่มีอีก!! 😡😡 สรุปต้องเดินย้อนกลับไปที่รถ ขับรถออกนิมมานเส้นหลักม มา (เพราะรถจอดเกือบถึงปากซอย 15) แล้วขับเข้าซอย 17 วกกลับมา เพื่อจ่ายเงินสดให้ร้านที่อยู่ท้ายซอย 15 นี่ถ้าใครรู้ว่าเค้าเปลี่ยนเจ้าของ ห หรือเปลี่ยนมือผู้บริหาร ฝากบอกหน่อยว่าควรหาผู้จัดการร้านที่เป็นผู้ใหญ่และเป็นงานบริการหน่อยนะคะ พนักงานมีแต่เด็กๆ ที่ทำงานบริการไม่เป็น นเลย อีกอย่าง จ้างเชฟคนใหม่เถอะค่ะ!! เสียดายผลงานดีๆที่เคยทำไว้ในอดีต และชื่อเสียงที่สั่งสมมานาน อยากมี Burger อร่อยๆ ไว้ทานเวลาไม่อยู่ กรุงเทพ อยากกลับไปกินของอร่อยๆแบบเดิมอีก Read less",NEG,NEG,NEG,N/A,
Real Good Pasta,Google Maps,English,"Amazing food, great atmosphere; great drink specials to come hang out, do not miss this spot",POS,N/A,POS,N/A,
Botan Bar Nimman soi 5,Google Maps,Thai,ในร้านไม่เหมาะกับคนมีเพื่อนน้อย หรือไม่มีเพื่อน อยากม่วนคนเดียวไม่มีสิทธิ์ นั่งข้างนอกเท่านั่น 55555,N/A,NEG,N/A,N/A,
Anchan Vegetarian Restaurant,TripAdvisor,English,"Several of the reviews for Anchan describe it as ""lovely."" They are absolutely correct. The experience is just that. The tri-colored fried rices are quite flavorful, the banana blossom salad is a must and the raw chocolate truffles are nice and rich. Lovely.",POS,N/A,POS,N/A,
Why Not?,TripAdvisor,English,Had great selection of international wines and delicious cheeses and meats. I had the parpadelle ragu which was divine. Highly recommend for those wanting a taste of Italian - Puglia style.,POS,N/A,N/A,N/A,
Kiwami Curry ??,Google Maps,Thai,อร่อยมากกกกก ร้านสวย ข้าวแกงกะหรี่เนื้อฉ่ำ เนื้อนุ่มละลายในปาก ราเมนน้ำซุปกลมกล่อมดีมาก แนะนำเลยค่ะ🫶🏻🍛,POS,N/A,POS,N/A,
Botan Bar Nimman soi 5,Google Maps,Thai,แย่มากครับ มาครั้งแรกก็คือพอเลย สั่งเบียร์มาเป็น town แต่พนักงานกดไม่เต็ม town เลย มันมี 3 ลิตร เหมือนได้ 2. 80 ลิตร พอฟองหดตัวลงยิ่งน้อยเข้าไปใหญ่ แต่พนักงานดีบริการดี,NEG,NEU,N/A,N/A,
ก๋วยเตี๋ยวเรือ อองตอง,Google Maps,Thai,อร่อยทุกอย่าง....มีทีจอดรถกว้างขวาง,POS,POS,N/A,N/A,
Anchan Vegetarian Restaurant,TripAdvisor,English,It is easy to miss as Soi 8 is narrow and the restaurant itself is up some stairs but it is worth the difficulties in parking because the food is yumm.y,POS,NEG,NEU,N/A,
Lumi - Italian Restaurant,TripAdvisor,English,One of the best place we been in chiang mai. Food cocktails service was the best we had in our trip. So bad that was our last day in chiang mai.thanks a lot to the team. See you soon.,POS,POS,POS,N/A,
Rock Me Burger & Bar Nimman Branch,TripAdvisor,English,"If you are looking for the best western styled burgers you've dropped in on the right place! I tried the Osaka burger and it's the best combination of a Japanese styled confetti tempura topping, with a minced purple cabbage ginger, lettuce and carrot and zucchini topping, with a wasabi dressing! Talk about palate explosion! I also tried the Rocking on Heaven Beef burger! It lived up to my expectations! Single burger patty, fried egg, bacon, lettuce tomato and pickles! I tried the Rock Me Double Pork...it was very good but not the taste I wanted at that moment! It was flavorful, loaded with cheese and dressed with lettuce and tomatoes. The onion rings are awesome too! There is something special about the buns as well! I will try the chicken and ribs on the next order! ENJOY! Read less",POS,N/A,N/A,N/A,
Accha Authentic Indian Cuisine.,TripAdvisor,English,"Wonderful selection of vegetarian options, so many that I asked the waiter to choose for me. I was very pleased with his choice! Within moments of seating we had our drinks and a complimentry tasting selections of chutneys.",POS,POS,N/A,N/A,
Beast Burger and Pizza (Chiang Mai),TripAdvisor,English,"I ordered the Jalapeno Chimichurri burger and sweet potato fries. The burger was the best burger (out of two) I have had in Chiang Mai. The fries were delicious, I highly recommend the upgrade. Our table also ordered the Spicy Nduja which was good but the burger is what this place does best.",POS,N/A,N/A,N/A,
Co&Co caf?,Google Maps,Thai,ร้านสวย บรรยากาศดี,N/A,N/A,POS,N/A,[SHORT]
Accha Authentic Indian Cuisine.,TripAdvisor,English,Good food and great service. Spicier food is on request so if you want some more zing make sure to ask for it. Helpings are good and prices are very affordable. All round great location and atmosphere.,POS,POS,POS,POS,
แยงซีเกียง,Google Maps,English,I enjoyed the honey roasted pork. I had 2 servings.,POS,N/A,N/A,N/A,
ข้าวมันไก่ โกยี,Google Maps,Thai,ไม่ได้กินนาน หลังโควิดมานี้ได้น้อยมาก ข้าวสั่งพิเศษน้อยกว่าธรรมดาเมื่อก่อน ไก่ก็น้อยบาง เมื่อก่อนคือหนานุ่ม น้ำดื่มก็ไม่มีบริการเหมือนเมื่อก่อน เครื่องมีจุดเดียวของก็ใกล้หมด ขนาดอยู่ใกล้หน้าร้านก็ไม่มีคนเติมของ,NEG,NEG,N/A,N/A,
Jarid Thai Food,TripAdvisor,English,"delicious food, my favour is tom yum goong (river prawn) and your restaurant made it Excellent. -Service staff was impressed. I choose to sit at the terrace. (chill out)",POS,POS,POS,N/A,
ตะวันแดง มหาซน เชียงใหม่,Google Maps,Thai,เมาทุกขวดเจ็บปวดทุกเพลง,N/A,N/A,N/A,N/A,
Ginger Farm Kitchen,TripAdvisor,English,"Had the starter (leaf with fillings), curry prawn, steamed fish, pork belly. Wow. Everything tasted fresh and delicious. They do have a farm with a limited lunch menu. This is the place to come for the full thing.",POS,N/A,N/A,N/A,
Mix Beef Club & Restaurant,TripAdvisor,English,The food is nice with chilling outdoor seatings but very hard to get the waiter's attention...,POS,NEG,POS,N/A,[TRUNCATED]
ตะวันแดง มหาซน เชียงใหม่,Google Maps,Thai,สนุก เฮฮา ว่างๆอยากเต้นมาเลย พนักงานดูแลดีมาก เดินเข้าห้องน้ำมีพนักงานเปิดไฟฉายส่องทางให้ตลอดเพราะมีบันได กลัวลูกค้าสดุด,N/A,POS,POS,N/A,
Lumi - Italian Restaurant,TripAdvisor,English,"I always have problem with where to have dinner in Chiangmai but after we found this reataurant, i enjoyed eat there so much, we like many dishes , pizza is highly recommend, homemade gnochi truffle cream is superb nowherelse like this , recommend by the chef there , and here they also have very nice Thai dishes and service is outstanding. After your meal they also have amazing rooftop bar waiting for you on the 8 floors. Just my new favorite place in Chiangmai",POS,POS,POS,N/A,
ตะวันแดง มหาซน เชียงใหม่,Google Maps,English,I was there for the NYE party. The shows were beautiful but the music was WAAAY too loud. It was impossible to talk to each other. The DJs only played techno music. There were also older people who were annoyed.,N/A,N/A,NEG,N/A,
เฮือนเพ็ญ นิมมานเหมินทร์,TripAdvisor,Thai,"Let's try the Local Northern Thai food at Huen Phen, Chiangmai. There are 2 branches in Chiangmai. I visited the branche no.2 near Royal Park Rajapruek. Khao-Soi is the Best! แวะชิมอาหารเหนือที่ร้านเฮือนเพ็ญ มี2สาขา ไปลองชิมสาขา2ใกล้พืชสวนโลก ข้าวซอยอร่อยมากๆ ขอตัดคะแนนพนักงาน หน้าตาไม่รับแขก ไม่สนใจลูกค้า ถึงอร่อยก็ไม่อยากกลับไปกินสาขานี้ค่ะ 尝一尝泰国北方菜！在清迈ั有两个地方。我去拉查帕皇家花园 附近的饭店。 泰北咖喱面条超好吃！ Read less",POS,NEG,N/A,N/A,
Anchan Vegetarian Restaurant,Google Maps,English,"One of the best vegan food in Chiang Mai town with big serving and reasonable price. One of the best green curry I have ever tried during my months of stay in Thailand. Please don't be greedy, their food serving are quite big. Delicious food and enjoy everyone... .",POS,N/A,N/A,POS,
ภัตตาคารเจี่ยท้งเฮง สาขาวัน นิมมาน,Google Maps,English,pan fried pork buns/dumplings were good. I would order again.,POS,N/A,N/A,N/A,
พ๊อตโตะ,Google Maps,Thai,"ชาบูน้ำดำ อร่อยมาก ราคาสบายกระเป๋า
 ชุดนี้กับข้าวหนึ่งถ้วยอิ่มพอดีๆ สายชาบูต้องมา",POS,N/A,N/A,POS,
Pizza my Heart @ nimman,TripAdvisor,English,I was there with my wife having anniversary dinner. We order pizza and spaghetti. Food was fresh and tested. Owner and staffs are friendly and helpful. Highly Recommend this place .,POS,POS,N/A,N/A,
Lumi - Italian Restaurant,TripAdvisor,Thai,อาหารอร่อยมากค่ะ พนักงานน่ารักต้อนรับดีมากค่ะ บริการดีตั้งแต่ที่จอดรถจนถึงบริการจากเชฟ ประทับใจมากค่ะ อิ่มอร่อยสุดๆ 🤍 The food is very delicious. The staff are lovely and very welcoming. The service is good from parking to the service from the chef. Very impressed. Very full and delicious. 🤍,POS,POS,N/A,N/A,
โค บี คิว,Google Maps,Thai,คุณภาพดี น้ำจิ้มเกาหลีเด็ด ราคาสมเหตุผล บริการดีมากค่ะ,POS,POS,N/A,POS,
Rainy's Veggie Burgers,Google Maps,English,"A must-stop for all vegetarians. Come for the burgers, stay for the atmosphere. Rainy is a wonderful person. 10/10!",POS,POS,POS,N/A,
Lumi - Italian Restaurant,TripAdvisor,Thai,No words can explain how good it is! I will try other pizza next time. Just want to say Love this Pizza....Italian Sausage 👍👍 มีโอกาสได้ลองชิมพิซซ่าหน้า italian sausage ต้องบอกว่าอร่อยมาก พิซซ่าร้อนๆ กลิ่มหอมๆ ชีสเยิ้มๆ ได้ลองทานแล้วมีความสุขมากค่ะ ❤️❤️,POS,N/A,N/A,N/A,
เดอะ สลัด คอนเซ็ปท์,TripAdvisor,English,"Service was appalling, so so slow and couldn't be bothered. Drinks very expensive for very small size. Also requested a bottle of wTer as this is not a restaurant that offers free water. We were given a bottle of very warm water. The girl was rude when I asked for cold water and sId they don't have cold water. Won't be back and wouldn't recommend.",NEG,NEG,N/A,NEG,
Uchi Japanese Gastro Chiang Mai,TripAdvisor,English,10 out of 10. Was here in covid times and glad to see it still open and as good as ever. Will come again next trip to Chian g Mai,N/A,N/A,N/A,N/A,
Nara Thai Cuisine Chiang Mai,TripAdvisor,English,Nice ambience. Clean and nice. Food is good. Restaurant is well air conditioned. Great place to be to escape the Chiang Mai heat,POS,N/A,POS,N/A,
Anchan Vegetarian Restaurant,TripAdvisor,English,"A quick disclaimer: The only reason that I did not give 5 stars was because of the prices. It is quite expensive. However, aside from that it was as good as it gets. Huge portions, friendly staff and convenient location on Nimmanhaemin Road. If you're vegan or veggie or simply appreciate great vegan/veggie food, you must stop by Anchan during your stay in Chiang Mai.",POS,POS,POS,NEG,
Lavish Nimman,Google Maps,Thai,ร้านดีแต่เพลงอ่อมมากค่าเที่ยงคืนยังไม่ได้เต้น ผิดหวังที่ตั้งใจมา🥹🥹🥹🥹 …,N/A,N/A,NEG,N/A,[TRUNCATED]
Anchan Vegetarian Restaurant,TripAdvisor,English,"Anchan is always on my list of my Vegan Eatery in Chiang Mai! The location is at Nimman road Soi 8 which is easy to find! Ordered a masaman curry with red and brown rice, and a passion fruit smoothies as a late lunch. Not exaggerating but the masaman really is THE BEST I've even had for masaman style. It came with tofu, potatoes and lots of vegetable. Smoothies was very fresh and come in large portion! Environment is great, deco is nice. Owner is friendly and they got some homemade jam too! Menu is very clear staying all good that are vegetarian, or vegan. Here's the place which is vegan friendly with nice food! My bill is just about 170B, real deal for nice vegan food in the town! Read less",POS,POS,POS,POS,
Lumi - Italian Restaurant,TripAdvisor,English,"Thank you to Nokyung for the service and her smile, good experience to this place I recommend it. The bar and the rooftop are a great experience !",N/A,POS,POS,N/A,
October : Japanese Home Cooking,Google Maps,Thai,"🔴 ออคโทเบอร์โฮมคุกกิ้งคาเฟ่ (October Home Cooking Café) เป็นโฮมคุกกิ้งคาเฟ่ร้านแรกของวันที่ 9 มีนาคม ในทริป DozzDIY’s Guide #Urbanista 8-11 March 2020 ซึ่งมีเมมเบอร์ของ DozzDIY 🧒🏻👩🏻‍🦱 เคยไปมาครั้งหนึ่งเมื่อ 7 ปีที่แล้ว (ตอนนั้นไปดื่มกาแฟ☕️กับรับประทานขนม🍮ต่างๆ) เมื่อก่อนร้านยังไม่ได้ขายอาหารจริงจังขนาดนี้ และเราเองก็เฝ้ามองสิ่งที่เปลี่ยนแปลงมาเรื่อยๆของร้าน จนถึงจุดที่ร้านเริ่มจริงจังกับอาหารญี่ปุ่นซึ่งน่าจะเป็นอะไรที่น่าสนใจและควรค่าแก่การมาเยือน ร้านจึงถูกระบุไว้ว่าเป็น 1 ในร้านที่เราต้องมา
 
 🔴 ดังนั้นการมาเยือนเราจึงละเครื่องดื่มประเภทกาแฟไว้ก่อนเดี๋ยวไปร้านอื่นต่อไม่ไหว แต่ก็ไม่ได้หมายความว่าร้านทำได้ไม่ดีนะครับ ออคโทเบอร์โฮมคุกกิ้งคาเฟ่ทำเมนูเครื่องดื่ม🍹ออกมาได้ดีพอตัวเลยทีเดียว ใครที่จะมาดื่มกาแฟก็แนะนำไปทางเมนูร้อน ลองมองไปรอบๆร้านจะเห็นโหลกาแฟร้อนเย็น,​ เครื่องทำกาแฟแบบคันโยก และ กรอบรูปที่เป็นซองกาแฟของโรงคั่วหัวสมัยใหม่อย่าง ☕️☕️ สแควร์ไมล์ (Square Mile), เวิร์ฟ (Verve) หรือสตัมป์ทาวน์ (Stumptown) ติดไว้ข้างผนังร้านอัดกรอบอย่างดีด้วย
 
 🔴 ตำแหน่งที่ตั้งของร้านจะอยู่ตรงข้ามรั้วที่เป็นสวนเกษตรของมหาวิทยาลัยเชียงใหม่ (ไร่ฟอร์ดข้างหอประชุม มช.) ซึ่งร้านก็จะติดกับร้านถ่ายเอกสารมากมาย จุดสังเกตคือกันสาดสีเขียวที่เห็นแล้วก็อยากจะไปทำความสะอาดให้อยู่เหมือนกัน เพราะจำได้ว่าเกือบสิบปีก่อนที่ไปสวยงามมาก แต่ป้ายก็ยังสดใสดีอยู่ บรรยากาศด้านในจะไม่สว่างมากนัก สิ่งที่พบเป็นอย่างแรกคือบาร์กาแฟทางด้านขวา โต๊ะนั่งด้านในมีทั้งจุดที่เป็นโซฟาและเก้าอี้ไม้🪑 บริเวณร้านเป็นแบบห้องเดียวไม่กว้างขวางนัก ให้อารมณ์ร้านกาแฟยุโรป มีตีมสีของร้านที่เป็นจุดสังเกตคือ เขียวใบ Shamrock, ขาวครีมเป็นพื้นหลัง และ น้ำตาลอมแดง
 
 🔴 เมนูที่เราสั่งมาวันนี้ มี 1 เมนูที่ต้องแจ้งล่วงหน้าก่อน 1 วัน คือ คัตสึด้ง (カツ丼) หรือ ข้าวหน้าหมูทอด 🐷ต่อมาเป็นข้าวหน้าเนื้อออสเตรเลียนวากิว🐮 และสุดท้ายคือ ข้าวหน้าเนื้ออบภูเขาไฟ 🗻ไม่ว่าอย่างไรก็ตามทุกเมนูนั้นทางที่ดีควรโทรสอบถามร้านก่อนทุกครั้งเพื่อยืนยันว่าจะไม่พลาดโอกาสที่อาจเสียไป
 
 —————————————
 
 ข้าวหน้าหมูทอด (カツ丼 - Deep-Fired Pork with Rice)
 ระดับความพอใจ : ☆☆☆☆😋
 ความคิดเห็นจาก DozzDIY : ทอดน้ำมันได้กรอบแห้ง มีเนื้อสัมผัสแป้งที่กรุบกรอบในขณะที่เนื้อด้านในมีความฉ่ำเนื้อฉ่ำเนื้อเป็นอย่างดี
 
 �ข้าวหน้าเนื้อสเต็ก (ビーフステーキ丼 - Beef Steak with Rice)
 ระดับความพอใจ : ☆☆☆☆😋
 ความคิดเห็นจาก DozzDIY : เนื้อนุ่มละมุนลิ้น มีความชุ่มฉ่ำแบบกึ่งสุกกึ่งดิบเรียกว่าย่างมาได้ถูกต้องไข่ออแกนิกออนเซ็นก็ดี ทุกอย่างลงตัวไปหมดเลย จริงๆอยากกินเพียวๆไม่ต้องไปกินอะไรกับข้าวแล้วเอาไวน์มาเลยจะดีกว่า แต่นับว่าสมบูรณ์แล้ว
 
 ข้าวเนื้ออบภูเขาไฟ (ローストビーフ丼 - Roasted Australian Wagyu Volcano Rice Bowl)
 ระดับความพอใจ : ☆☆☆☆😋
 ความคิดเห็นจาก DozzDIY : เมนูนี้เรานั่งดูในเพจของร้านมานานแล้ว อาจจะเป็นเพราะเหตุผลที่หาทานไม่ง่ายนักในเชียงใหม่ เข้าใจว่าใช้กรรมวิธีในการอบค่อนข้างนานและมีกระบวนการต่างๆที่ทำให้เนื้อยังคงมีความนุ่มอร่อย มีรสชาติดี อยากจะให้มีแต่เนื้อแบบนี้อยู่ในชามจริงๆ
 
 🔴 อย่างวันที่ไปทานอาหารกัน เราก็ค่อนข้างจะมีความคิดว่าร้านออคโทเบอร์เขากลายไปเป็นผู้เชียวชาญด้านเนื้อไปตั้งแต่เมื่อไร
 อีกอย่างเราไม่ได้ทานอย่างอื่นด้วย มีอีกหลายสิ่งที่น่าค้นหาที่นี่ และคิดว่าจะเป็นปลายทางของการมาเยือนเชียงใหม่อีกครั้ง",POS,N/A,NEU,N/A,
จงเฮง ก๋วยเตี๋ยวต้มยำ สาขานิมมาน ซอย 6,Google Maps,Thai,ร้านอาหาร มีของทานเล่นเยอะ บรรยากาศดีมาก จอดรถสะดวก,POS,POS,POS,N/A,
S&A Beverages Nimman,Google Maps,Thai,อาหารอร่อยมากกก บรรยากาศดีค่ะ รวมๆดีมากเลย,POS,N/A,POS,N/A,
อังเคิลคานิ,Google Maps,English,Nice vibes and good tasted steak rices.,POS,N/A,POS,N/A,
อร่อยจุ่มแซบ,Google Maps,Thai,"มากินกันบ่อยมากจนพนักงานจำหน้าได้แล้ว
 😁😁😁😁😁 …",N/A,N/A,N/A,N/A,[TRUNCATED]
โค บี คิว,Google Maps,English,"Great food and great service, especially from James and the rest. Don't miss it 👍 …",POS,POS,N/A,N/A,[TRUNCATED]
SHELBY BAR,Google Maps,Thai,ร้านดี ชอบ เต็มสิบ ให้ 9.5 หักนิดนึง พนักงานตึงไปหน่อย แต่ส่วนใหญ่น่ารักครับ,N/A,NEU,N/A,N/A,
Lumi - Italian Restaurant,TripAdvisor,Thai,Good view of a photo and we love for lunch time ชอบอาหารอิตาเลียนสไตล์ พนักงานบริการดี ยิ้มแย้ม พร้อมช่วยเหลือ คุณ อิ๊ว และ คุณแอน น่ารัก,POS,POS,N/A,N/A,
Smoothie Blues,TripAdvisor,English,We enjoyed 2 supreme smoothies at this cafe after enjoying Wot Umong in Chiang Mai. Great atmosphere and the food was also very good.,POS,N/A,POS,N/A,
SHELBY BAR,Google Maps,Thai,ร้านก็ไม่ได้ใหญ่มากแต่รับลูกค้าแบบแน่นเวอร์เกิน พื้นที่เดินแทบจะไม่มีเลยต้องเบียดตัวเดิน ตรงบาร์ถ้าจะเก็บเก้าอี้ช่วงดึกก็ไม่ควรเอามาตั้งตั้งแต่แรกจะดีกว่าไหมทำเป็นแบบยืนทั้งหมดเลย …,N/A,NEG,NEG,N/A,[TRUNCATED]
Panini&Co.,Google Maps,English,"This has quickly become one of my absolute favorite spots in Chiang Mai. The panini is perfectly made and so delicious, and the owner is one of the sweetest, kindest people you’ll ever meet. It really feels like a hidden gem in the Nimman area. Just be sure to come early, as she sometimes sells out by the evening 😭 …",POS,POS,N/A,N/A,[TRUNCATED]
พ๊อตโตะ,Google Maps,English,"This is a reasonably priced hot pot restaurant for solo diners. It's a small place with only about a dozen seats. You can choose from clear broth, sukiyaki, kimchi, and tom yum soup bases. They offer à la carte and set meals. Although the selection is limited, the ingredients are fresh, and the service is excellent.",POS,POS,NEU,POS,
ต๋องเต็มโต๊ะ,TripAdvisor,English,Our hotel recommend this restaurant to us Easy walk from our hotel It’s around lunch time and we are lucky to get a table There are a lot of choices on the menu Including chicken beef pork fish vegetables The prices are reasonable and the the taste is amazing good We ordered 5 dishes and it fits 4 of us Let’s try if you are around Read less,POS,N/A,N/A,POS,
ร้านเขียวไข่กา เชียงใหม่ วัน นิมมาน,Google Maps,Thai,ร้านอาหารไทยในย่านที่วัยรุ่นและนักท่องเที่ยวสมัยนี้ต้องแวะ การจัดและตกแต่งร้านทำได้สวยถูกใจ กึ่งลอฟท์กึ่งอินดัสเทรียล แขกส่วนใหญ่จะเป็นชาวจีน ที่แวะชมและชิมก็เพราะต้องการสัมผัสบรรยากาศและอยากกินอาหารไทยที่โฆษณาว่าเป็นสูตรโบราณรสแบบไทยดั่งเดิม ผมไปนั่งกัน 2 คนสั่งอาหารไป 4 อย่าง พบว่ารสชาติอาหารจะเน้นหวานมากๆ ขนาดสั่งเมนูยำปลาทูก็ยังหวานสนิทหาความเปรี้ยวไม่ได้เลย เมนูพะโล้ก็หวานมากไม่ได้มีความเป็นแบบดั่งเดิมที่ต้องมีกลิ่นน้ำตาลไหม้หอมๆเลย น่าจะเปลี่ยนชื่อร้านเป็นมิตรผลโภชนามากกว่าจะได้สื่อความเป็นตัวตนของอาหารว่าเน้นหวาน แต่ทั้งนี้ก็แล้วแต่รสนิยมของแต่ละคน คนสมัยนี้อาจจะชอบก็ได้ แต่คนรุ่นผมไม่ชอบความหวานในอาหารเลย คือบางเมนูจะหวานก็หวานได้ตามสูตร แต่บางเมนูต้องไม่มีหวานนำโดยเด็ดขาด และอีกอย่างลูกค้าในร้าน มากกว่าครึ่งเป็นชาวจีน เขาอาจจะชอบก็ได้ มีเมนูเดียวที่ถูกปากแต่ได้ช้ามากๆคือไข่เจียวปูที่ทอดได้น่ากิน ข้างในหนานุ่มส่วนขัางนอกจะฟูกรอบแล้วโรยด้วยเนื้อปูเป็นก้อนๆ แล้วข้าวกล้องของร้านนี้เม็ดค่อนข้างหยาบแข็งแล้วไม่มียางให้เกาะกันเลย น่าจะแช่ข้าวให้นานกว่านี้แล้วค่อยนำไปหุง หรือต้องหุงให้นานกว่านี้ถึงจะดี ผมต้องแก้ปัญหาโดยสั่งข้าวขาวมาคลุกปนถึงจะคล่องขึ้น,NEG,NEG,POS,N/A,
เดอะ สลัด คอนเซ็ปท์,TripAdvisor,English,"I arrived in Chiang Mai 2 weeks ago and have already been 5 times to Salad Concept. The idea of being able to design your own salad, and combine your favorite vegetables, toppings and dressings, is just brilliant! I was never a big fan of salads before but thanks to Salad Concept, I am realizing how yummy a healthy salad can be and how it can fill you up, totally guilt-free. I am planning on eating there as often as possible. Try the juices too, my favorite is the anti-cancer one that has wheatgrass. Anyway, rush to Salad Concept and get ready to become a happy Salad junkie.",POS,N/A,N/A,N/A,
เดอะ สลัด คอนเซ็ปท์,TripAdvisor,Thai,"A famous salad restaurant located at Nimman road, this restaurant is famous from a variety of salad dressing (there are traditional salad dressing also) and fresh vegetable. It provides a big portion for one plate. Be calm when you order haha. ร้านสลัดชื่อดังย่านนิมมาน จุใจกับปริมาณและความหลากหลายของน้ำสลัด รอบนี้ของสั่ง wrap salad roll มาในรูปแบบสวยงาม เลือก topping ได้ตามชอบใจ เค้าจะใส่น้ำสลัดมาให้เลย กินง่ายกว่าปกติ (แต่ถ้าแตกก็เละเลย 555) ส่วนตัวชอบนะ แป้งที่ห่อมาอร่อยเลย ปริมาณเหมือนน้อย แต่กินไม่หมด เพราะสั่งอย่างอื่นด้วย ส่วนเห็ดชุปแป้งทอดอร่อยดี เนื้อเห็ดเด้งดึ๋งชิ้นโต แป้งทอดมาก็กรอบอร่อยมาก Read less",POS,N/A,N/A,N/A,
จงเฮง ก๋วยเตี๋ยวต้มยำ สาขานิมมาน ซอย 6,Google Maps,Thai,สุดยอด,N/A,N/A,N/A,N/A,[SHORT]
Anchan Vegetarian Restaurant,TripAdvisor,English,"Home style menu with really fresh curries, salads and shakes. The menu is changing too, which makes it good when your here for a while.",POS,N/A,N/A,N/A,
โกปี๊ นิมมาน อาหารเช้า,Google Maps,Thai,อาหารเช้าเมนูเบาๆสบายๆ ที่นั่งเยอะมีทั้งด้านนอกและในห้องแอร์ สั่งอาหารแบบแสกนสั่ง ที่จอดรถจะเข้าอีกทาง,NEU,NEU,POS,N/A,
Lumi - Italian Restaurant,TripAdvisor,English,"Had a great time here, lovely restaurant and nice atmosphere. Had a burrata salad and an akyra pizza which where amazing thank you Nokyung for the recommendations and impeccable service",POS,POS,POS,N/A,
Rainy's Veggie Burgers,Google Maps,English,"Great vegan burgers with special thai sauces. Located in a quiet area very close to the busy Nimman street, and the owner is an amazing person. Highly recommended!",POS,POS,POS,N/A,
Mix Beef Club & Restaurant,TripAdvisor,English,Really nice decor and a fun fusion take on Thai food. We shared several small dishes and they were all good. There is a large selection and the only minus is that they didn’t have everything on the menu available.,NEU,N/A,POS,N/A,
เฮือนเพ็ญ นิมมานเหมินทร์,TripAdvisor,English,"This place is chaotic and hot, but honestly has the best Khao Soi I've had in Thailand (and it's cheap, I think our bill was under 200 baht for two people for noodles and drinks). If you're looking for a romantic dinner experience, or even a particularly clean one, this is not it. The portions were kind of small, but the price reflects that. However, the depth of flavor of the khao soi made it worthwhile.",POS,N/A,NEG,POS,
Rock Me Burger & Bar Nimman Branch,TripAdvisor,Thai,"Rock Me Burger ถนนลอยเคราะห์ ชั้นใต้ดินโรงแรมเรือนระมิงค์ เมืองเชียงใหม่ ถนนลอยเคราะห์ ถนนสายสำคัญ เรียกได้ว่าเป็นแหล่งรวม ม ความบันเทิง รวมไปถึงวัฒนธรรมชาวล้านนา และยังมีวัดลอยเคราะห์ วัดซึ่งได้ชื่อว่า จะได้ลอยเคราะห์หรือขจัดเคราะห์ออกไป ทำให้มีแต่ความเจริญ ญรุ่งเรือง และอยู่เย็นเป็นสุข Rock Me Burger ถนนลอยเคราะห์ อีก อีกหนึ่งสาขาของ Burgers คุณภาพ หลากหลายเมนู เรียกได้ว่า คงจะเป็นตำนานเบอ อร์เกอร์ ในเมืองเชียงใหม่ ได้อย่างไม่ยาก Rock Me Burger นอกจากจะรังสรรค์เมนูความอร่อยส่งตรงสู่ลูกค้านักชิม หรือผู้บริโภค Rock Me Burger r คงมีแต่การพัฒนา ในเรื่องเมนูต่างๆที่มีรสชาติอร่อย เพื่อลูกค้าคนสำคัญจะได้ลิ้มลองเบอร์เกอร์ที่ไม่ซ้ำ แต่ก็ยังคงไว้ซึ่งแบบฉบับของ Rock Me Burger. คุณเบส รัฐวิทย์ รัตนยงค์ไพโรจน์ เจ้าของร้าน ที่ผันตัวเองจากนักร้องเพลงร็อคชื่อดัง มาเป็น เจ้าของร้านเบอร์เกอร์ที่มีRock Me Burger ถนนลอยเคราะห์ ชั้นใต้ดินโรงแรมเรือนระมิงค์ เมืองเชียงใหม่ ถนนลอยเคราะห์ ถนนสายสำคัญ เรียกได้ว่าเป็นแหล่งรวม ความบันเทิง วัฒนธรร รมของชาวล้านนา และยังมีวัดลอยเคราะห์ วัดซึ่งได้ชื่อว่าแขกผู้มาเยือนจะได้ลอยเคราะห์หรือขจัดเคราะห์ออกไป ตามความเชื่อ ทำให้มีแต่ความเจริญ ญรุ่งเรือง และอยู่เย็นเป็นสุข Rock Me Burger ถนนลอยเคราะห์ อีกหนึ่งสาขาของ Burgers คุณภาพ หลากหลายเมนู เรียกได้ว่า คงจะเป็นตำนานเบอร์เก กอร์ ในเมืองเชียงใหม่ ได้อย่างไม่ยาก Rock Me Burger นอกจากจะรังสรรค์เมนูความอร่อยส่งตรงสู่ลูกค้านักชิม หรือผู้บริโภค Rock Me Burger คงม มีแต่การพัฒนา ในเรื่องเมนูต่างๆที่มีรสชาติอร่อย เพื่อลูกค้าคนสำคัญจะได้ลิ้มลองเบอร์เกอร์ และอาหารอื่นๆ ที่ไม่ซ้ำซากจำเจ แต่ก็ยังคงไว้ซึ งแบบฉบับของ Rock Me Burger คุณเบส ที่ผันตัวเองจากนักร้องเพลงร็อคชื่อดัง มาเป็น เจ้าของร้านเบอร์เกอร์ที่มีคุณภาพที่สุด ได้แนะนำ สาขาลอ อยเคราะห์ เพื่อให้ข้าพเจ้าได้เดินทางมาชิม ในฐานะผู้ใช้บริการหรือลูกค้า ทำให้ได้สัมผัสอีก หนึ่ง คุณค่าแห่งความอร่อย และสมควรเป็นอย่างยิ่ ง ที่จะยิ้มไปกับความสำเร็จ รวมไปถึงความสุขของผู้บริโภค และจากประสบการณ์การท่องเที่ยว และมีโอกาสได้ชิม ได้สัมผัสถึงรสชาติแห่งความอร่อย ในสไตล์ตะวันตก ท่ามกลางอาหารราคาหลักร้อย แต่วิวถือได้ว่าเป็นหลักล้าน ขอแชร์ อีกหนึ่งร้านอาหารคุณภาพ ตาม Concept ของข้าพเจ้าคือ"" Love I Is All Around ด้วยการใช้ความรักที่อยู่รอบตัวมาดำเนินธุรกิจ และเชื่อมั่นว่า Rock Me Burger จะยืนหยัด สร้างความสุขและความอร่อย คู่เมืองเช ชียงใหม่ Read less",POS,N/A,POS,NEU,
Go Green Caf? & Restaurant,Google Maps,Thai,กาแฟอร่อยมาก อาหารอร่อย โดยเฉพาะกระเพราหมูย่างและเต้าหู้ทอด ช่วงนี้จัดโปรอาหารคู่กับเครื่องดื่มด้วยราคาโดนใจ,POS,N/A,N/A,POS,
Lumi - Italian Restaurant,TripAdvisor,Thai,Ann and iyu Thank you very much. The food is good. บรรยากาศดีร่มรื่น สถานที่สะอาด บริการดี พนักงานตอนรับดีมากมากๆเลย,N/A,POS,POS,N/A,
Lumi - Italian Restaurant,TripAdvisor,English,"The food was delicious, kind and great service in a beautiful restaurant with cool design. We had a fantastic dinner, highly recommend!",POS,POS,POS,N/A,
Uchi Japanese Gastro Chiang Mai,TripAdvisor,English,Lovly place customer service was wonderful cocktail very unique i went many times for hang out somewhere on no plan with my friend always see tour list in restaurant good atmosphere :),POS,POS,POS,N/A,
เฮือนเพ็ญ นิมมานเหมินทร์,TripAdvisor,English,"The food is just great although portions are rather small and the amount of chili might be too much for some people. For a truly unique experience, order the set menu (USD 12 for two) and try to reserve the cushioned bed right next to the entrance. It's so much fun sitting in there and taste those Northern Thai delights.",NEU,N/A,POS,NEU,
Pizza my Heart @ nimman,TripAdvisor,English,"We came for lunch, ordered pizza, pesto pasta, greek salad and chicken wings. All the dishes came in time and very fresh, especially the greek salad. The staff was super super nice!! The nicest restaurant staff I have met they even helped us order a taxi and gave us suggestions for places to visit. Definitely would recommend a visit :)",POS,POS,N/A,N/A,
Why Not?,TripAdvisor,English,"Perfect pasta and pizza, great choice of wine and good central location. Can definitely receommend and will be back.",POS,N/A,POS,N/A,
Beer Lab,Google Maps,English,Card machine doesn’t accept wise or rev. Really annoying please buy a modern machine and not something 20 years old,N/A,NEG,N/A,N/A,
Why Not?,TripAdvisor,English,"From the expansive menu to the solid service and many authentic details, Why Not was a happy discovery tonight. My lasagna and my friend's tagliatelle were both delicious. Our bottle of Chianti, while pricey, elevated the meal to the next level. They even have all the classic Italian desserts ... or maybe chocolate lava cake is not a classic Italian dessert, but it sure tasted good. We will return!",POS,POS,N/A,NEU,
ข้าวมันไก่ โกยี,Google Maps,English,"Being from Singapore where chicken rice standards are pretty high, my breakfast experience here was pretty good. It had the authenticity of a really good home cooked white skin chicken rice. The chili sauce was great and the rice was decent though not as fatty and flavorful as the singapore version. For the price, I would return again if I am in chaingmai.",NUE,N/A,N/A,POS,
Molto Buono Pizza by Pizza Lady,Google Maps,Thai,สายอิตาเลียน​,NEU,N/A,N/A,N/A,[SHORT]
