Contribution_Number,Rating_Overall,Topic,Date_Visit,Visit_Type,Detail,Aspect_Value,Aspect_Service,Aspect_Food,Aspect_Atmosphere,Date_Written
2,3,"Not worth a visit, overpriced and poor quality",ม.ค.-26,,"Over-rated. Pork was too tough. In my opinion, its over-priced and food quality so-so only. Was better during my 1st visit last year in 2025. Will not go aagin.",2,3,2,3,"January 10, 2026"
1,3,Average,ม.ค.-26,,"What can I say? Had high hopes. Just landed at Chiangmai airport and before we went to visit the family , we wanted some good food. The wife searched up and found this place. We ordered the Khao soi Talay , satay Kai , satay nua and the wife ordered some other noodle dish. Have to say. Not very impressed. The beef was a bit tough , chicken not fresh . We sent some back. The seafood khao soi was okay. But not great. Wife not impressed with her meal either. To be honest I would probably never go there again. I’ll stick to the little mum and dad places for Khao soi and satay.",1,2,2,3,"January 7, 2026"
118,4,Tasty but not fantastic,ธ.ค.-25,,"Good, really, but to queue for o get in, pay so much more than the usual ”catch” and then get a meal that is no better than a 65 baths meal (o there are plenty of fantastic cheap ”catch”) so I think this is worth a visit absolutely but you should bear in mind that it is over prized. Have eaten so many at least as good and sometimes better for so much less money.",,,,,"December 5, 2025"
1,2,I always be here when I have a chance to visit Changmai the quality of the food is poor than before. Not good,ธ.ค.-25,,"The quality of the food is poor then they used to be The teste of the food not delicious like they used to be, but they so it is still nice",,,,,"December 1, 2025"
19,3,Just okay,พ.ย.-25,,"This spot had a cool atmosphere, but that staff was not very friendly. Food was fine, but not the best we have had on this trip.",2,3,3,5,"November 25, 2025"
74,4,Taste & Experience Notes,พ.ย.-25,,"Khao Soi Super Bowl: A really good meal. The creamy portion of curry juice and the tissue contrast left by the crispy noodle oil created a perfect balance. Especially the aroma of the broth—heavy but not heavy, layered. What was most surprised was the aroma of lemongrass and limestone in Sai Ua. The spice is strong yet clean, but also greases the curry juice and creates a sweet-spicy balance. The octopus and shrimp were unexpected but delightful details; the salty shrimp of seafood keeps the curry lively. Pairing with Chang’s beer was perfect—every sip refreshed the intensity of the curry. Read less",5,5,5,5,"November 11, 2025"
1066,5,Worthy Kao Soi,พ.ย.-25,,"I had the chicken Kao Soi and spring rolls. My wife had egg Kao Soi. We enjoyed everything. While we do have a favorite Kao Soi restaurant, this was still excellent. The service was efficient. They have a lively atmosphere. Definitely an enjoyable time.",5,4,5,5,"November 8, 2025"
22,5,Kao Soy was unreal!,เม.ย.-25,,Was first time having the famous Kao Soy; amazing! 1000 baht total for a family of 4 at a high standard restaurant is great value.,,,,,"April 20, 2025"
29,3,Overrated,ก.พ.-25,,"So, we read the reviews and hype about the best khao soi in chiang mai....well, reality is. The waiter's are at best indifferent, no smiles no welcome....we're busy, just sit down feeling. Menu comes, ordering a shared starter, main beef khan soi and steamed vegetables.....within a minute the khao soi arrives....NO starter, vegetables arrived, no starter....asked for starter, it came second and it was all on the table at once, no refinement here. The biggest issue is the bowl of beef noodles everyone raves about was 50% beef fat, the rest, waifer thin overcooked beef...sauce was tasty. Chicken satay was nice, veg nothing special. Overall, totally overrated and we left disappointed....look for better elsewhere. Read less",,,,,"February 26, 2025"
44,4,Excellent Kao Soy,ก.พ.-25,,"This restaurant was recommended by some friends , there was a wait for 15 mins to get it . We ordered the Beef Kao soy , eggplant salad , chicken satay . I personally loved the beef Kao soy and the egg plant salad . Highly recommend for a meal while in Changmai .",,,,,"February 14, 2025"
82,5,Delicious Beef Khao Soi,ม.ค.-25,,Delicious Beef Khao Soi and Chicken Satay. We didn’t have to wait for so long. The service was great. They take credit cards. We would go back 100%.,,,,,"January 17, 2025"
9,5,Flavorful bowl of khao soi in Nimman,ธ.ค.-24,,"There are a plethora of places to try kao soy in Chiang Mai, but we really loved Kao Soy Nimman the most, especially their beef kao soy. The beef is braised deliciously and super tender. The soup is a little on the soupier side, as opposed to creamy, but extremely flavorful - really enjoyed the combination of everything here. It gets crowded during peak hours, but the food comes out fast, so turnover of tables is pretty fast. Definitely give this spot a try if you're in the downtown /Nimman area.",5,5,5,5,"January 4, 2025"
256,5,DELICIOUS!,ต.ค.-24,,"We were staying at Hotel Amber just down the street and called in here for a quick meal, so glad we did because we came back time and time again. Delicious food at great prices! Do yourself a favour and come in for a bite, you will not be disappointed! Best food in the area and I've been craving it ever since!",4,4,5,5,"December 6, 2024"
318,5,Must do. Genuinely though... must do!,ต.ค.-24,,"Dragged her by my addict wife... second time. Both have been... amazing! It is simple, cheap and utterly delicious food. Nimman itself is ultra 'in' right now so expect to see rows of coffee shops next door to each other but Khaosoi Nimman stands out as a venue. Might have to queue as it is 'on the map' but do it... delicious. One query... it shows as $$ on Tripadvisor but it really isn't. A slight increase over standard Thai noodle prices but amazing taste and quality for, literally, pennies. Read less",,,,,"October 29, 2024"
113,5,Try the crab kao soy,มิ.ย.-24,,You can find kao soy all over Chiang Mai. What makes Kao Soy Nimman stand out is their soft shell crab kao soy! It is an absolute must!,,,,,"July 31, 2024"
17,3,Good restaurant with faults...,มิ.ย.-24,Couples,"I stayed here last October twice on their terrace, and loved the food and found it good value for money. I came back now a week ago and for the mosquitoes we sat inside the restaurant. They had neither beer nor wine, we ordered water, wine at about 40 degrees temperature, nor did they have ice. The Kao Soy was good, but the regular atmosphere. A disappointment this time.",5,4,5,3,"July 3, 2024"
45,5,Fantastic food,มิ.ย.-24,Couples,Magnificent food. Good service and the beef and the chicken Kao soy excellent. Very happy. Fast efficient and delicious,,,,,"June 21, 2024"
24,5,Best kao soy!,พ.ค.-24,Family,Incredible khao soy! We had the pleasure of ordering beed and pork khao soy and the beef one was incredible! Service is super fast and efficient! Unlike a previous review; we simply arrived at a reasonable hour (instead of 4 minutes before closing) and we had great service and great food. This place is a must if you want to have a proper khao soy,,,,,"May 12, 2024"
140,5,Kao soy noodles,พ.ค.-24,Couples,Off the hook good.. food at this price that is this good should be illegal.. you can see why they are in the Michelin guide.,,,,,"May 5, 2024"
15,2,be cautious if you have dietary redirections/allergies,ก.พ.-24,Couples,"I wouldn’t recommend if you have dietary restrictions. I informed the server about my seafood allergy and that I was vegetarian and he redirected what I wanted to something else as he let me know that the first option contained chicken broth. Which was totally fine and appreciated. When the food was brought out, they brought me the first option anyway (the one with chicken broth) and I didn’t notice it until I was quite a few bites in. I informed them that the wrong dish was brought out and then they let me know they accidentally made the dish I intended to order with pork and were currently remaking it. When the check came out, we were charged for the dish containing chicken that I did not order. I tried to communicate the situation but ultimately they made us pay for it because “I tasted it” even though I tasted something that may make my stomach sick later since I haven’t had meat in 14 years. It was just an overall frustrating situation. I would make sure everything is communicated very clearly if you choose to eat here with any restrictions. I’m just lucky that the dish they first brought out didn’t contain anything I’m allergic to. Read less",,,,,"February 27, 2024"
41,3,"Decent meal, undue hype",ธ.ค.-23,Family,"This place is really famous, possibly because of a Michelin recommendation. The Khao Soy is what everybody queues up for. It was good, but certainly not exceptional. If you are lucky and there isnt a queue, no harm having a bowl. But please dont bother waiting for a table.",,,,,"December 30, 2023"
31,5,Life according to reviews,ก.ย.-23,Family,What kind of food was every dish you ordered? I'm impressed that the staff cares about children. Free fried rice is served to children in large portions. Daughter eats deliciously I especially like the omelet with mushroom chili paste. The khao soi is also very good.,,,,,"September 7, 2023"
63,5,A hug in a bowl! The memorable kind,ส.ค.-23,Solo,"I chanced upon this place by fluke, and was a tad deterred by the unending line outside it. Then again, long lines are more often than not proof of a promising meal so I gave my name & tapped my toes impatiently while the staff gave me indulging ‘we assure you, it is worth it’ smiles. The food is exquisite & wholesome, all at once. I opted for the Khao Soi Beef, the eggplant salad, the chicken satay, the passion fruit juice & the iced dessert (As you can tell by now, I have an impressive appetite & fortunately for me an equally robust metabolism). The Khao Soi Beef was hearty & full of flavour, not to mention a sizeable portion in itself. I’d eat it thrice a day, every day, if I could. The chicken satay was good but was exceptional about it was the accompanying dip. That dip was the stuff of legends & I do so wish that they would retail it in bottles, for us to take back with us. The eggplant salad was spicy with a kick & a heart topping of fried garlic, accompanied by 2 soft boiled eggs. I have never known as surprising yet delightful a pairing as that! The fresh passion fruit juice turned out to be an excellent decision while in retrospect, I could have avoided having the dessert. Not because it wasn’t good but rather I was quite full by them. I happen to however be greedy too so my body is quite adept at making space even when bursting at the seams :) I highly highly highly recommend a visit to this restaurant. Your stomach’s heart will be full, I promise Read less",,,,,"August 13, 2023"
16,4,Worth the lunchtime wait.,ก.ค.-23,Friends,"Great food, worth the wait over lunch. We had soft shell crab kai soy and it was the best we have had in Chiang Mai. Service was efficient, food selection extensive. Drink selection a little small.",,,,,"July 20, 2023"
324,4,Khao Soi of quality and pleasant place . . .,ม.ค.-23,,"One evening around 7:45 p.m. in Nimman, it is sometimes difficult to find a restaurant that serves you because many close at 8:00 p.m. We walked past this restaurant and took a chance, still seeing many customers seated. Faced with our dismay, the employees of Kao Soi Nimman, after consulting the kitchen, kindly agreed to quickly serve us a Khao Soi. Chance sometimes doing things well, it was excellent and we enjoyed ourselves. The place is a kind of large covered terrace, very pleasant. Friendly and efficient staff. An unpretentious but highly recommendable place. Read less",5,5,4,,"March 17, 2023"
258,5,Great northern style Thai food,ธ.ค.-22,Friends,"Great northern style Thai food in Nimman area. As I have been living in Thailand for a year I can say this is one if the best restaurants I have been to. Tried the Larb moo, Khao soy and northern style sausage, all foods were great! Restaurant should keep open longer than 9pm, i’m sure there would be customers!",,,,,"December 6, 2022"
114,5,Interesting outdoor vibe,ธ.ค.-22,Family,We came here on our last evening what amazing food we ate. The Kao Soy stewed beef was incredible. The Yod Fuk Mae Nam Man Hoi vegetables was delicious. Also enjoyed the vegetable spring rolls. We ended our dinner with a yummy Thai Iced dessert.,,,,,"December 2, 2022"
103,4,One of the best Khao Soy in Nimman area,พ.ย.-22,,"Not too far from where we stayed in Nimman, a short walk from Stay with Nimman. The restaurant is not fancy, just a simple set up with both seating inside (A/C) and outdoor, great vibes. Few choices of khao soi on its menu + other Northern dishes, We had the chicken khao soi and other plate of Nam Prik Num with fermented sour sausages and vegetable, yummy and we enjoyed. The soup of the khao soi is so much texture in it, creamy, had to order another bowl. Will revisit in the future when we are back to Nimman. Read less",4,4,4,,"November 21, 2022"
36,5,Authentic & gastronomical ❤️,พ.ย.-22,Couples,"Packed with flavors. Good and fast service. Polite and accommodating staff. Overall, authentic and gastronomical. ❤️",,,,,"November 8, 2022"
38,5,Top place for Khao soi,ต.ค.-22,Family,One of the top local places for khao soi . Place is always full with queues. Different types of Khao soi . Featured in Michelin guide,,,,,"October 8, 2022"
99,5,Best khao soy restaurant in Thailand,ก.ค.-22,Couples,"This has been the best khao soy I have ever had in my life. I would recommend this place to anyone, anytime. LOVE the food here.",,,,,"July 25, 2022"
53,5,10/10 Khao Soy,มิ.ย.-22,Couples,Absolutely delicious khao soy and so inexpensive. Would have ordered another bowl if I could have eaten it. Will 100% return,,,,,"June 15, 2022"
43,5,Delicious food,พ.ย.-20,Couples,"This it the first time for me for Chiang Mai and for Khao Soi that make me amazing. It's very good for first experience, many people in the restaurant;Thai and foreigner. All of staffs are helpful also a drink that very creat, there use local herb serve in the Thai style bowl but so sweet.However the next time we will come back agsin.",,,,,"December 8, 2020"
19,5,Epic Food!!!,มี.ค.-20,Couples,"The food here is insane, the service we where warned was slow however they have installed bells on the table. (There was no need to use them as the staff where attentive) We had the Kao Soy with beef, as well as pork jerky and spring rolls!!! Make sure to add this to you dinning out list during your stay!!!!",,,,,"March 16, 2020"
131,4,Delicious Khao Soy!,ก.พ.-20,,"A quaint and popular Khao Soy restaurant in the Nimman area. I find the deco very nice and calming with a selection of air conditioned and outdoor dining area available. The place was quite crowded when I dropped by during lunch. However the service was prompt with English menu booklet available. Basically, the menu just consists of Khao Soy noodles with different toppings of both vegetarian and non vegetarian options. Food was served promptly, but I find the portion a little small for the price paid. Overall, it was a delicious bowl of noodle and this is a good place to try one of the signature Chiang Mai dish for first timers!",3,3,4,,"February 18, 2020"
85,5,"Beautiful restaurant, fantastic food!",ก.พ.-20,Friends,"Beautiful restaurant, beautiful food! My friends all had variations of the traditional Northern Thai dish Khoa Soy, 2 had the vegetarian option of mushroom, and the other roast pork. They were fresh & slightly spicy but not blow your head off spicy! I had the Fish curry which came with rice noodles, ginger, Thai crackers, crushed walnuts & chillies. It was devine. Spicy, coconut creamy & the fish in the curry was Thai fish balls. There’s a hell at the table you press for service which is quite nice. Press & a friendly waiter/waitress quickly arrives at the table. Only drawback was paying for ice in our drinks but apart from that, it’s a must eat for Chaing Mai 😊 Read less",,,,,"February 7, 2020"
11,4,Yummy Khao Soy,ธ.ค.-19,,"We went here by a recommendation from a friend and really enjoyed our meals, especially for the cost! Highly recommend!",,,,,"January 7, 2020"
787,4,Koa Soy Lunch,ธ.ค.-19,Friends,"Nice ambient, friendly service with indoor and outdoor seating. The Koa Soy is delicious, noodle are done to correct texture. Fragrant curry broth, slightly a bit too sweet otherwise balance in Flavour. The Northern Thai pork fish (Hors D-oeuvre Muang) is well presented, meats in different styles done to our liking. The 2 dipping sauces are tasty. The Kang Ho mixed Curry is not done to our liking, sweet and lack of flavour. Still, an enjoyable lunch.",,,,,"December 14, 2019"
44,5,A must visit! We returned within 2 days for more :),ธ.ค.-19,Couples,"We were exploring the area, chanced upon this place and decided to give it a try, as the place seemed popular with locals and tourist alike. The Kao Soi definitely did not disappoint! I had Kao Soi with mushroom, while my husband had their Signature big bowl of Kao Soi. We loved it so much that we came back within 2 days :) Portion size, for the noodles we felt that it could have been a bit more, so for our 2nd time around, we ordered additional noodles (at 20 baht each). A plus point is that service is brisk and our food came fast. A must visit! Read less",,,,,"December 11, 2019"
120,4,Great place for Kao Soy in the evening,ธ.ค.-19,Family,"The best Kao Soy is served as street food but this place saved us from almost leaving Chiang Mai without having eaten Kao Soy! There’s a ton of variety and it’s one of the only places you can get Kao Soy in the evening, since it’s typically served as breakfast or lunch (before 12). When we arrived, it looked like there was a big line but it moved very quickly and they provide seating and menus while you wait. Read less",,,,,"December 9, 2019"
35,4,Pretty good kao soy,ต.ค.-19,Couples,"My husband loves khao soi, so we were on the hunt for the best khao soi in town, and saw the great reviews on this place! Although not the best khao soi, it was pretty delicious! When we got there around lunch time, there was a huge line up! We contemplated waiting or not, but ultimately decided to since we were there anyways and we really wanted to try this place out. We got our number from the hostess and she told us there were 20 numbers ahead of us so we were prepared to wait for at least an hour. There is a bubble tea place right beside it so we ordered a bubble tea while we waited. To our surprise, the wait only took about 25 minutes! We got seated in the air-conditioned space at the back, which was good because it was such a hot day out! I ordered the chicken khao soi, my husband ordered the beef khao soi, and we also got the crispy wontons and steamed vegetables to share. The food came within 10 minutes, which was very reasonable. The khao soi tasted quite good, just the right amount of richness, and not too spicy. Since this place is so popular among tourists, we felt that perhaps the dish was not truly authentic, compared to some other khao soi we have tried. Delicious food nonetheless! The food was definitely tourist pricing since it was pricier than most other local restaurants, but we expected that going in so no surprises there. I would definitely return to this place if I find myself in Chiang Mai again, but I’d probably try to go a bit earlier to avoid the lunch time rush. Read less",,,,,"November 30, 2019"
22,3,Not true Khao soi,พ.ย.-19,Couples,"Sorry to say this didn't live up to expectations. Khao soi was very spicy, oily and red, I've had this multiple times and is usually mild and yellow. Admittedly I am not good with spice but my partner who loves spice said he thought it was spicy (he was sweating!) My advice is come if you want a spicy Khao soi, but not if you want it how it should actually taste. Portions are also on the smaller side and more expensive than we had paid previously. We got a fried rice which tasted good.",,,,,"November 28, 2019"
4,5,"highly recon this place, specially",พ.ย.-19,,"highly recon this place, specially for ppl eho loves curry soup Came here for d second time in 6 days",,,,,"November 27, 2019"
178,2,Kao Soy was underwhelming and bathroom was dirty,พ.ย.-19,,The beef Kao Soy was ok but not fantastic. It was mild in flavor and came out lukewarm. We also ordered the calamari which was not good because it was 75% thick batter and not much squid. We also didn’t like the pork jerky which was too sweet. The only dish we all liked was the chicken satay. But the worse part was the dirty bathroom. Can’t recommend a restaurant if they can’t manage to clean their bathroom.,,,,,"November 18, 2019"
6,5,All the best kao soy,พ.ย.-19,,"The kao soy at this place was incredible! Excellent price, great service and even better food. They have options for vegetarians too!",5,5,5,,"November 18, 2019"
63,4,"Authentic Dishes, Elevated Taste",พ.ย.-19,,"Escorted by Joe, my Thai's friend, on a street in Nimman Road area, Kao Soy Nimman restaurant is one of a must visit destination while wondering around Chiang Mai. Its authentic dish of Kao Soy Kai (Chicken Northern Thai Noddle) has made my taste experience rise to an high elevated level. It also make me loved the dish so much. Six days of meeting in Chiang Mai has made me crazy in love with this food.",5,4,5,,"November 17, 2019"
32,5,Our dinner here made our day!,พ.ย.-19,,"We came to Kay Soy Nimman after a really long day full of chaos. We were lucky enough to get our table after about 2 minutes of waiting only. The staff were very helpful and attentive. We had our dishes served very quickly after our order is placed. The space, the vibe and their decoration were very nice too, especially the dishes. A beautiful looking dish definitely makes your meal taste even better. Food and desserts were all very yummy. Totally worth the money and our dinner at Kao Soy that night was a silver lining indeed!",5,5,5,,"November 16, 2019"
576,5,Ancient Local Nothern Dish,พ.ย.-19,Couples,"I had to try the northern dish Khao Soi, while in Chiang Mai. We had walked past the restaurant, the day before and it was packed. We came back and were very pleased with the dish. My wife had the option with chicken leg, and I the fried pork. There is seating both inside and outside. The chili paste was also excellent.",,,,,"November 14, 2019"
146,4,Tasty food,ต.ค.-19,,Wanted to try the Khao Soi Pa Nao opposite but it was quite crowded so tried this instead. Much quieter (less popular and not so nice??) and got a table easily. My friend ordered their THB120 Khao Soi and I had chicken bee hoon soup due to bad tummy. Overall the food was tasty and no regrets. Free fruits for dessert after the meal. Opposite place seems to be more for the younger crowd. There were posters of Teresa Teng inside. Lady boss looked a little unfriendly but I think that's' the way she appears,4,4,4,,"November 6, 2019"
191,5,Great service and food,ต.ค.-19,Solo,Found this place while walking around. Friendly and quick service. Food was tasty. They have air con and outside options. Sat outside. It was excellent. Highly recommend.,,,,,"October 15, 2019"
2,5,Good food at a reasonable price,ต.ค.-19,Couples,Myself and my partner went here for lunch. It took about 5mins waiting to be seated as it was busy. But once inside we were served quickly and the food was good and reasonably priced. Can't really complain about it.,,,,,"October 13, 2019"
18,3,Overrated but okay food,ก.ย.-19,Friends,"We went there due to one of our friend’s research online. To be honest, the food was not bad, but it definitely didn’t blow our minds. We got two different kinds of khao soi, one with chicken and another with seafood, some northern Thai veggies, and some grilled pork with garlic (which was the highlight of the meal for sure!) However, they charged at a relatively premium price to other khao soi places, so for me it’s not worth the price of admission. If you don’t mind paying extra for a place that has a little better ambience, then I would recommend this place. If you want a hole in the wall/mom & pop shop place with more authentic northern Thai food, then look somewhere else.",,,,,"September 18, 2019"
17,4,"Excellent, expensive Thai food",ส.ค.-19,,"This place offers very good Kao Soy--a must-eat dish in Chiang Mai. The restaurant has a nice atmosphere. The prices are not superb though, with most of the dishes costing at least 79THB. There are cheaper options for Kao Soy.",3,3,4,,"August 28, 2019"
79,3,"Good noodles, very spicy.",ส.ค.-19,Couples,"We came here to try something other than street food, and it was tasty. Overpriced compared to the street vendors that make very delicious food as well, but if you’re not into the street food scene, it’s a good way to eat local cuisine in a restaurant type place.",,,,,"August 28, 2019"
104,3,Overrated,ส.ค.-19,Solo,I find Khao Soy Mae Sai is definitely taste better and with tender chicken served. Strategic location and expected to Q for sure.,,,,,"August 12, 2019"
2,2,Good food but not customer oriented,มิ.ย.-19,Couples,"My boyfriend and I wanted to try Khao Soi and this place came up on many ""best lists"". We were sat and ordered a few minutes later. Shortly after our food arrived we were given the bill, which was thought was strange since this was a trendy sit down restaurant and not a McDonalds or KFC. Instead of allowing us to enjoy our meal in peace, the server who brought the bill continued to stand at our table which made us feel incredibly awkward. Then our waitress, who spoke English, informed us that since the restaurant closed at 8pm we were required to pay at this time. As my boyfriend paid, I looked at my watch expecting it to be close to closing time. To my annoyed surprise, it was 40 minutes until closing time! If it had been 10-15 minutes, I would have understood but rushing customers 30+ minutes before closing time is unacceptable! Read less",3,1,3,,"July 22, 2019"
43,5,Such nice Nothern Thai cuisine!,มิ.ย.-19,Friends,"The restaurant is so tidy and modern, just perfect for foreigner tourists who wish to enjoy authetic local tastes of Thailand in Chiang Mai with no compromise for the cleaness and atmosphere. Staff can communicate in English. Their signature curry noodle is so perfect with generous portion of meat!! I preferred the pork version :)",,,,,"July 2, 2019"
4,4,Recommended by Many Locals,มิ.ย.-19,Friends,"Visited Kao Soy after recommendations from tour guides from a cooking class and elephant conservatory that my friends and I visited. Food was served relatively quickly and was delicious. Spice was just the right kind of “tourist spicy”— unsure if you can ask for more spice. Some interesting things of note: Boba Tea is from the place next door and they require you to pay when you get your drink. Last call for food/alcohol is 7:30. They have a service bell, but I found that getting the attention of the wait staff was typically much quicker. Read less",,,,,"June 12, 2019"
315,4,It is a famous restaurant for Chiang mai Traditional food,พ.ค.-19,Family,"I and my family come here on the first day stay in One nimman hotel. It is famous restaurant for tourists who want to try some kind of Chiang mai foods, Especially delicious is Kao, Hot dog and sweet soup. The price are reasonable for tourists. Because it is famous so that if you want to eat here you should go early. The first time we went here at 5 PM and we have table, the second time we come back at 7h30 PM and all the tables are full and we have to wait for 30 minutes. All the food is delicious and some of them spicy so that you should order them spicy or not spicy. If you go for shopping in one nimman you should go there and try.",,,,,"June 12, 2019"
684,3,"Kao soy was OK, but tom yum was great",มี.ค.-19,Couples,"Based on their name, I would have expected their Khao Soi to be outstanding, but I thought it was just OK, not great. That being said, their tom yum soup was a standout (and made us sweat). Fried chicken w/cold beer was a must and that was great. We went there late (8:30pm), but I think they wanted to close by 9pm, so everything was sort of rushed. Other than that service was OK.",5,4,4,,"June 5, 2019"
13,4,Tasty beef Kao Soy,พ.ค.-19,Solo,Enjoyed the tasty beef Kao Soy here. The beef was soft and the curry for the noodles was really nice. Worth a visit if you are in the area. Yummy!!,,,,,"June 5, 2019"
518,5,Tasty noodles,พ.ค.-19,Friends,Tried their Kad Soy. It's very tasty and we also ordered the dessert and some side dishes. You won't want to miss out this restaurant.,,,,,"May 28, 2019"
133,4,First Time to Taste Curry Mee in Chiang Mai!,พ.ค.-19,Couples,"The first meal after checked in the hotel! The location is not hard to find because I was calling Grab hehee The restaurant was packed. It had tourist, local mixed. Menu is quite simple, curry mee with different ingredients. We ordered Combo curry mee and beef satay. Its my first time to taste Curry mee in Thailand. I did tried in Malaysia and Macau but first time in Chiang Mai. Back to the food. Soup is impressive, thick with beautiful balance of spicy and sweetness. Condiments with raw red onion, lime, and pickled sour veggies. Seems pickled Sour veggies is not popular in Thai but is it affected by China because of the Chiang Mai location? Overall everything is delicious! No doubt for the noodles, the beef satay crispy outside with very juicy meat. The spicy sauce is a great touch for it. Great experience in Chiang Mai! Read less",,,,,"May 13, 2019"
153,5,Great Kao Soy (Northern Style Noodle with spicy soup),พ.ค.-19,Family,It is located in small path of Nimmana Haemindra Road. Recommended menu is Beef Kao Soy (it is a beef Northern Style Noodle with Spicy Soup). The Chicken Satay is also recommended.,5,5,5,,"May 10, 2019"
31,5,Excellent Food.,เม.ย.-19,Solo,My red truck driver recommended the restaurant. Excellent choice. Had sseafood Kao Soy (soup). My driver came back to pick me up. Thai people are friendly and honest. Wonderful place.,,,,,"May 8, 2019"
325,5,Delicious Kao Soy,มี.ค.-19,Solo,"The chicken kao soy was delicious, totally worth a 20 min Grab Taxi from the Old City. I also liked the variety of herbal drink. Highly recommend.",5,5,5,,"May 6, 2019"
32,2,Way too overrated and priced,ก.พ.-19,Solo,"I checked the review and it said it’s the best Kao soi I’m Chiang Mai. But after I took a red car to here for 20mins, disappointed. The food is not worthy of the price. Worse than the street food I tried last few days. I like curry soup. So when I see the soup is way less, I asked can I add more. They showed me, add soup 20bath. Excuse me!",,,,,"February 15, 2019"
262,5,Probably the best in Chiang Mai,ม.ค.-19,Friends,"Khoa Soi being the national dish in Chiang Mai, you will read many reviews for many locations but this place is really the deal.",,,,,"January 20, 2019"
1516,4,Great Khoa Soi Selection in Nimman,ม.ค.-19,Couples,"Koa Soy Nimman Restaurant, Chiang Mai, Thailand Great Khoa Soi Selection We just arrived back to Chiang mai and are on a mission to find the best Khao Soi places in Chiang Mai within the next 3 weeks, so this is the first place we visited on our list. Location, taking a central spot within the Nissam district, just a 5 minute walk from Maya Mall and the New One Nissam Mall. Orientation, north west west of the Chiang Mai Square. From the outside, Open and green, within a nice quiet street in this busy district. There is also a seating area for people waiting to eat as it is a very popular place, so expect to wait 5 to 10 minutes if busy. From the inside, Open with lots of different seating options to suit most group sizes from solo traveller to large groups. Very spacious with lots of greenery around. Menu and drinks, the menu was quite diverse in regards to offering a large selection of Khoa Soi meals, from chicken, pork to seafood including a large bowl option for the hungry. There is also a large selection of curries with a new presentation style, a bowl of curry with a side of noodles, bean sprouts and cabbage to add to the curry. This is a nice option as you can eat the sides separately or within the curry. They also have a good selection of starters and drinks, crispy prawns to cool fusion drinks. The Food, was really good but we were split on the Khoa Soi as we are used to eating only vegan/vegetarian based Khoa Soi’s so this was a different experience. We ordered Khao Soi Shrimp, Red Curry Tray, Won Ton, and Crispy shrimp. The khao soi was very good from my partners perspective, from my side it could have had a little more soup and it felt a little greasy on the tongue but I am pretty Picky when it comes to food hence being a food blogger. The Red curry was super delicious with bags of flavour and plenty of soup. I really liked the option of having everything on the tray and adding to your curry however you wanted. The crispy prawns were 100% crispy and the wan ton was pretty good too. Food was delivered in reverse order, the Khao Soi came out first then the crispy prawn, then the red curry then wan ton. A little wait in each as it is very busy, but worth it. The staff, were really friendly and welcoming, giving us a number to wait for the nest free table. The waiting staff took our order once we pushed the “i want to order button” on the table, and were nicely presented and polite. Recommendation If you enjoy a good thai curry or khao soi then give it a go and see what you think, my partner enjoyed the Khao soi 5/4 but i gave it a 3.5/5. Get there early for a table or expect to wait around 5 to 10 minutes, people are coming in and out frequently. Well done to the staff and restaurant for offering something unique in the area. #LetsGuide #fsya #localguides #travelblogger #garystribe Read less",5,5,4,,"January 13, 2019"
65,5,Excellent Thai food and very efficient service,ม.ค.-19,Couples,"We were staying nearby and kept seeing long line ups of local Thais at this restaurant so decided to go for lunch one day. It was well worth it. They are incredibly organized. There was a long line up so they were handing out tickets with numbers for those in line. We only waited about 10 minutes and were seated inside. The table had a button you pushed when you are ready to order. Within seconds of pushing the button, the server came. The food was delicious and well priced. Excellent chicken satay with spicy peanut sauce and the spring rolls were very delicious too. Great choice!",5,5,5,,"January 11, 2019"
8,3,"Central Nimman location, food was average",ม.ค.-19,,"We stopped by this place for lunch since it was real close to our hotel. We got the pad thai and a flat rice noodle dish. The noodles were a bit too soft, almost overcooked but the flavor was decent.",,,,,"January 8, 2019"
22,4,Delicious Kao Soy and spicy Nam Prik Noom,ธ.ค.-18,Family,"Location - parking space available nearby Staff - Friendly Price - Reasonable Food - Kao Soy was delicious, but Nam Prik Noom was spicier than expected Ambience - Nice seating arrangement with little waiting time",,,,,"December 26, 2018"
10,4,Awesome Kao Soy,พ.ย.-18,Couples,Hubby and I decided to go to this location because it was convenient to where we were staying. There was another khao soy restaurant that had better reviews but a bit further than we wanted to go. That being said we were so glad we went here. The khao soy was so good and this place isn't hurting for business. They opened at 11 and by 12 this place is packed. Prices are a bit higher than others but flavor definitely made up for it! This place was so good that we double dipped and ate here again for our last meal in Chiang Mai. Unfortunately I will never forget this place as I will always compare whatever crap khao soy I can get in the states to this lovely gem in Chiang Mai😣😭 Read less,,,,,"December 16, 2018"
106,4,Delicious northern Thai curry,ธ.ค.-18,Family,"Located down one of the numerous side streets in the Nimman area, this restaurant has a nice outdoor eating area with lots of seating. Even though it seemed busy, we were still seated right away. The Khao Soi that we ordered was very delicious and served quickly after we ordered. I highly recommend the fried pork Khao Soi: the pork was tasty and a little bit crispy and the curry was slightly sweet and spicy.",,,,,"December 9, 2018"
21,4,Good Northern Thai Food,พ.ย.-18,Couples,"Went here twice went visiting Chiang Mai. Had khao soi and spicy sausages. Both very good, the sausages I especially enjoyed. Very spicy and flavorful. This place does get crowded fast, which means you might need to wait for a seat if you dont want to go somewhere else, not sure it's THAT worth it with other options nearby. Service can be slow at times, but the food itself comes fast once you've ordered. A good option overall if you're staying in this area of Chiang Mai.",,,,,"November 29, 2018"
59,3,Nothing more than average,พ.ย.-18,Solo,I got a northern Thai curry dish. It was not bad. Not good. Just average and nothing better than you can get from a street stand. WiFi is poor and keeps dropping connection so don’t depend on that.,,,,,"November 27, 2018"
6,3,Good food but terrible service ruins the experience.,มิ.ย.-18,Friends,The food here is great. Good price good quality but the service is terrible. It's one of those places where they have a 'million' waiters/waitresses but everything takes for ever to arrive and you can't seem to get the attention of any of them. And when you do get service it's with a sour face and a bad attitude. Shame really. Read less,4,1,4,,"November 25, 2018"
29,5,Really good,พ.ย.-18,,"Really good! We had Green curry khao soi, khao soi moo and khao soi gai and all were absolutely amazing! The portion size is good, the price is fair and the place is very nice",,,,,"November 23, 2018"
1848,3,Gravy not even hot,พ.ย.-18,Solo,"Very average khao soi, you can get this standard almost everywhere. The gravy was served only lukewarm, spoilt the whole dining experience. At this price n this quality, dont think i will come back again",,,,,"November 22, 2018"
33,5,"First introduced to Khao Soi here, never forgot it!",พ.ย.-18,Family,"Three years ago our friends introduced us to Khao Soi and we fell in love with it. Haven’t yet had it in a better place than this, but the search goes on :). Fast forward to now: the place was packed but I got in very quickly and my food arrived quickly. I think this is a must eat at place if you come to Chiang Mai.",5,5,5,,"November 19, 2018"
1336,4,"Pretty Good, but not exciting",พ.ย.-18,Couples,"We went based on the positive reviews. The atmosphere is pleasant, and the service is pretty good. Prices are fair and the food is OK. I had the ""Super Khao Soy"" and my wife had a pork noodle soup. We shared a fried spring roll appetizer. One big upside is that they actually delivered the appetizer first which is unusual for here. The downside is the spring rolls were a bit oily, but they were quite crispy. We thought this place was OK, but not a favorite here.",3,4,4,,"November 13, 2018"
50,4,Delicious Kao Soi,ส.ค.-18,Family,One of many Northern Thai food that I wanted to eat when I visit Chiang Mai was Kao Soy and it was authentic and a bit spicy. Otherwise good crowd and there are tables located outdoor as well indoor.,,4,,,"August 29, 2018"
95,4,"Lovely place, taste touristy good",ก.ค.-18,Solo,"Place was very easy to find, in a small alley but Google map is exactly correct. Located in the middle of tourist area anyway. Parking area only for some bikes and motorbikes. Lovely, peaceful and green in garden-like atmosphere. Rather small tables, won't be very convenient for very large group. Had khao soi moo tod for 69B. Taste quite delicious, but IMO too tailored for tourist (i.e not using enough spice). Large enough dish size, pretty presentation. Altogether worth the price.",,,,,"August 28, 2018"
31,5,Best Khao Soi in Nimman area,ส.ค.-18,Couples,The first restaurant where I tried the famed Khao Soi when I touched down in Chiang Mai and it certainly didn’t disappoint! Their northern style Thai curry noodles had the right amount of spices and coconut milk added. The portion of cooked and fried noodles are just nice too. Complete the meal with their roselle tea and mango sticky rice for dessert 👍,,,,,"August 17, 2018"
6,5,Best in town,ก.พ.-18,,"Costs a little more than a roadside stall (it's a restaurant, so...) but it is totally worth the extra cash. First place I take people when they arrive in town.",,,,,"August 7, 2018"
168,5,Delicious food!,ก.ค.-18,Friends,"Great food at reasonable prices , friendly service. Nice outdoor seating. Portion sizes are good. Must go early or long queue.",5,4,5,,"July 22, 2018"
36,5,Best Khao Soy,ก.ค.-18,,"Local friends recommended this restaurant and they were absolutely the best Khao Soy. The broth is full of coconut flavor without the overwhelming heat as other places have. The chicken thigh is huge and price is reasonable for the portion size. Chicken satay was just as good and flavorful. Service was fast, friendly, and efficient.",,,,,"July 20, 2018"
36,4,Super tadty,ก.ค.-18,Friends,I don’t really like Kao Soi that much but the pork one was pretty good. Still has a kick to it but it’s also a little sweet. I also had fried worms which were good. Their chicken satay was delicious. Their spring rolls were yummy too!,,,,,"July 15, 2018"
28,5,Very nice KaoSoy,ก.ค.-18,Friends,This is the 3rd time we had KaoSoy in Northen Thai. This restaurant is one of the best ! Both the KaoSoy and Satay chicken taste very good and we will go again next time when we came to Chiang Mai !,,,,,"July 12, 2018"
12,4,Good food and price,มิ.ย.-18,Solo,"The Kao Soy was pretty good, with a large selection. There’s a nice indoor air conditioned area as well as a patio. I thought the prices were reasonable.",,,,,"June 9, 2018"
285,5,Lunch,พ.ค.-18,Couples,"Very good joint, popular for locals and tourists. Famous for its northern Thai style noodles. Will certainly want to go back.",,,,,"June 6, 2018"
30,4,Delicous kao soy,พ.ค.-18,Couples,"Nice dining area with indoor and outdoor seating, friendly staff. The kao soy soup is amazing, especially the beef variation",4,4,5,,"May 22, 2018"
949,5,Perfect Northern Food in Chaing Mai,พ.ค.-18,Friends,Food is great and not expensive. Service is good. Drink is varieties and located is centre of Nimman area,5,5,5,,"May 13, 2018"
10,4,Good,เม.ย.-18,Couples,Khao soy was very tasty! Spring rolls were fresh and crispy and tasted a lot like soul food for me. Service was exceptionally fast at seating us and food was quick although the check took a little while to eat. The food is dense so make sure you don’t have a ton or you’ll be due for a nap!,,,,,"April 8, 2018"
219,4,Updated traditional northern Thai for foreigners,เม.ย.-18,Couples,"Not a bad place to go if you would like some local food. But this is more like a place where the younger generation of the locals will hang, rather that a family meal place. Food is a bit more spicy than in Bangkok, but their interesting way of making the northern style Kao Soy noodle is pretty good.",,,,,"April 6, 2018"
752,5,Amazing Khao Soy!,ก.พ.-18,Friends,"Our local tour guide knew we wanted to eat some awesome khao Soy so be dropped us off here for dinner. We were the only Westerners there and had no problem getting a table in the outdoor patio. The four of us each ordered a different version of the khao Soy and we all LOVED it! Such amazing food, in a charming atmosphere, for such little money!!!",,,,,"February 27, 2018"
136,5,Two words: khao soy,ก.พ.-18,Solo,"This place was packed for lunch when I went. I had to wait maybe 10mins, but it was worth the wait cus the khao soy was bomb dot com!! I slurped every bit off that bowl. I also ordered chicken sauté and the peanut sauce is so good with it. Food yummy, but the service was kinda slow. They seemed too busy with every thing else and I felt like they kinda forgot about me. Maybe you’ll be lucky!",,,,,"February 14, 2018"
32,5,Best Khao Soi!,ม.ค.-18,Couples,"This restaurant served the best Khao Soi I have ever had! The restaurant itself is very nice and has a beautiful patio. It is very popular, but we came around 6pm and got a table right away before it became super crowded.",,,,,"February 9, 2018"
55,4,Great Pork Kao Soi,ก.พ.-18,Couples,"Nice setting. Staff was good but a little spaced out. No waiting Saturday night 7 pm - good table. Kao Soi was excellent! We also had the red curried chicken with mushrooms (very good), Northern Thai sausages (so-so) and stir fried fried kale (fantastic). With 2 beers and a club soda, cost was 575B. Bit too pricey vis-a-vis what's around, but we were looking for good kao soi and we got it!",3,3,4,,"February 4, 2018"
67,5,So good!,ม.ค.-18,Couples,We order shrimp khao soy and pork khao soy. The pork is better. The coconut broth with the spices and egg noodles and crunch of crispy noodles on top sing melodies in your mouth. Just enough spice to make you feel a little heat but not to make you sweat. Worth the wait- which was not long at all.,,,,,"January 14, 2018"
79,2,Food great staff need training !!!,ม.ค.-18,,"Food is tasty and reliable, service needs to be improved as staff are slow and sometimes rude. They look like they don’t want to be here and don’t mind the customers noticing. Q is long because the staff do not clean tables quickly or take much notice of what is going on. Food can come out wrong also.",,,,,"January 11, 2018"
144,4,Good food,ม.ค.-18,Couples,Place has a good food! Kao Soy is good and the appetizers too! The place was full but the waiting time as 5 to 10 min. Food was served pretty quick. 4 dishes 380 bath.,,,,,"January 6, 2018"
354,4,Decent Kao soi but expensive,ม.ค.-18,,"I tried many Kao soi places in Chiang Mai, and this was easily considered decent. However, it was too pricey (~70BHT), you could have easily got it at 40BHT for something way better at Kao Soi Mae Sai",,,,,"January 4, 2018"
4,5,Great restaurant,ธ.ค.-17,Couples,"We were recommended to go here for northern Thai food by another Thai restaurant owner up the road. We were not at all disappointed! Classic food, with imagination and flavours to die for. All served up by a great team of warm people.",5,5,5,,"December 27, 2017"
245,5,Best khal soi in Nimman,ธ.ค.-17,Couples,"Best Khao soi I’ve had. Try the beef! It’s normally served with chicken, but the beef was done so well I could cut it w my spoons. Definitely worth checking out.",,,,,"December 23, 2017"
352,4,Crowded... Tasty. But environment is clean and cozy,ธ.ค.-17,Family,"Please take note that you will Need to take queue number when you reach the restaurant. Crowded most of the time. As for the noodle, it is delicious. Just that the soup given is not as much as compare to other places I have been too. Satay is great too.",,,,,"December 21, 2017"
145,3,Popular place but...,ธ.ค.-17,Family,"Service is spotty, waitress was friendly, a slightly long wait time for food, food is sent to the table in spurts such that half the ordered dishes are delivered and the other half 20 minutes later - perhaps it was a busy 3 pm for them. Kao Soy was not bad, Green Curry chicken was nice, fried spring rolls a tad oily. Desserts are underwhelming.",,,,,"December 16, 2017"
136,4,Nice staff with good food,ธ.ค.-17,Friends,"KhaoSoi is good, lots of topping you can choose which different from other shop. Other food is just okay. Nice staff and good service.",,,,,"December 2, 2017"
5,3,Delicious! But...,พ.ย.-17,Family,"I visited with my parents, and it's our first Kao Soi. The Kao Soi was so delicious, and the place was clean. However, the staffs had a careless attitude.",3,2,4,,"November 19, 2017"
5,5,Incredible,พ.ย.-17,,"Place truly is incredible. Recommended by a local and completely worth the Uber to the other side of town. Ordered Khao Soi with fried pork, spring rolls, and coconut. Fyi, if you can't handle any level of spice, place may not be for you. If you can handle a little spice, should be just fine. Dishes cost around 80 bhat, menu in English.",,,,,"November 11, 2017"
91,5,Good selection and taste,พ.ย.-17,Friends,"This is a bit touristy catering to both Thai and western customers. However they have a full selection of northern dishes, including nam neo, nam law, gang kae, Khao soi, sai ooa, nam prik nom, ong, kha, boo, etc. Very good flavor with A/C room inside.",,,,,"November 2, 2017"
71,2,Khao soi not proper,ต.ค.-17,Friends,"Live in Thailand for 10 years, went with thai friends ... speechless! there is no difference between each kind of Khao soi… all with the same curry soup. and the soup too watery, lots of MSG…. Not for local …. Don't know why so many people.",,,,,"October 22, 2017"
111,4,Very good khao soi,ต.ค.-17,,We had a very good khao soi. The place is amazing. The waiter was not as polite as he should be plus they don’t serve bottled water. That’s why I gave 4/5. But I will come again for sure.,,,,,"October 12, 2017"
15,5,Great!,ก.ย.-17,Couples,"Loved this dish! Kao soy is classic in chiang mai, had it once but this time it was better. I would recommend to come here and eat...",,,,,"September 8, 2017"
53,5,"Good eats, environment, and prices.",ส.ค.-17,Friends,"I tried this place based on a recommendation of the Thai owner of the condo i am renting. She said it was the best Kao Soy in the area. I ordered the Kao Soy He'd (northern thai noodle with mushrooms). Having never tried this type of soup, i have nothing to compare it to. However, it was delicious. I also had the tempura shrimp, and for dessert the sweet vermicelli with coconut milk. Service was fast (there was a line when i arrived but it went quickly), and even though most staff didn't speak English, the menu was detailed enough i could pick and point. Few foreigners were there when i was there, so must be appreciated by most locals...so my experience was way different from other recent review. If there weren't so many other places to try, i would go back. I thought the prices were very reasonable. Read less",5,5,5,,"August 15, 2017"
232,2,Not for local,ส.ค.-17,Friends,"Nice atmosphere , clean restroom. Kaosoi is not good for me as a Thai but should be ok for foreigners or tourist. I don't see much Thai or local here.",,,,,"August 13, 2017"
175,5,My favorite Kao Soy Restaurant,ก.ค.-17,,Perfect taste for people who cannot eat hot & spicy. One of my favorite restaurants when I visit Chiangmai. Kao Soy Nimman is easy to eat and delicious. And I like Kao Soy Moo Yor .,,,,,"July 7, 2017"
51,5,Couple,ก.ค.-17,Couples,"One of the best if not the best Khao Soi I've had in Chiang Mai. It was fantastic. Slightly more expensive than the average Thai place at 79 baht, but I had it with Northern sausage.",,,,,"July 3, 2017"
139,5,Awesome !!!,มี.ค.-17,Solo,Nice restaurant as feels like dinning in home. Recommend all expats and tourists to come here. All menus so awesome !!! I've tried all ^_^ Nice and friendly staffs there too. Wanna try some differrent as contemporary mixed and match food style with delicious. You dont't miss this restuarant !!!,,,,,"June 10, 2017"
80,4,Tasty noodles...,มิ.ย.-17,Couples,Noodles were very tasty in a delicious curry broth. The serving size was a bit small and the 20thb can of coke was a tiny size also although it was supplied with an abundance of ice to go with it. Overall a tasty meal.,,,,,"June 9, 2017"
9,4,Really nice setting,มี.ค.-17,Couples,"We loved the outside setting, really chilled! It was our first time having Kao Soy and we really enjoyed it. I struggle to eat any type of spicy food, but this was enjoyable (even though towards the end of my dish my mouth was burning up), then again this is related to personal taste. The pork was delicious. Nice place to go to for a quick lunch!",4,5,4,,"March 9, 2017"
98,4,Beautiful Kao Soi in Chiang Mai,มี.ค.-17,Couples,"I went here twice with my wife, this place it's really good and super cheap ;) Highly recommended, if you are visiting this town .",,,,,"March 6, 2017"
19,5,The Best Kao Soy Experience Ever,ม.ค.-17,Friends,"I went back and it was even better, probably wasn't as hung over this time. This northern Thai dish has curry soup base, various meats to choice from, crunchy pickled vegetables and fried wanton-skin garnish. This place just gets it all right. The locals love it. I love it. Simple local food at its best. A must try for those traveling through Chiang Mai. Many other restaurants have this noodle soup dish on the menu but none are quite like Kao Soy Nimman.",5,4,5,,"February 20, 2017"
87,4,Yummy and Clean!!,ม.ค.-17,Friends,Yummy and Clean. You must try khaosoy.very delicious!! Deep fried spring rolls too!! Not too expensive 😋😋,,,,,"February 6, 2017"
472,4,We really enjoyed it and came back for another go,ก.พ.-17,Friends,Thoroughly enjoyed our meal here. Great vibe and ambiance and tables inside and outdoors depending on your preference (bring mosquito spray if outdoors) Lots of things to try on menu and one of the best meals (value and flavour which we enjoyed in Chiang Mai) Service could have been friendlier. Read less,,,,,"February 5, 2017"
18,5,Good kao soy and amazing coconut juice!,ก.พ.-17,Couples,"The price is quite cheap but the store looks fancy. The kao soy just tastes good ad it looks. The coconut juice was served with a whole intact peel-off coconut pulp!!! And very thick!!! This is the first time I see a coconut juice like this, do worth a try~",,,,,"February 2, 2017"
28,4,Excellent Khao Soi with vegetarian options,ม.ค.-17,Solo,Very tasty Khao Soi! They have about 8 different varieties with vegetarian options that include egg Khao Soi and mushroom Khao Soi. Great environment and very friendly staff. A must try for sure!,,,,,"January 24, 2017"
125,5,Great place to try the namesake dish,พ.ย.-16,Couples,"We had a great dinner at Kao Soy Nimman. I chose to try the namesake dish, Kao Soy. That is a delicious noodle soup with extra crispy fried noodles on top. The staff are extremely attentive and willing to help you with your order.",5,5,5,,"November 30, 2016"
274,5,Thai taste,พ.ย.-16,Couples,"Not that bad Kao Soy noodle with northern sausage. Well mix and match! Price is reasonable 65-75 THB for noodle. Good location in town. They do have many thai food and northern food. Restaurant is located in center (small Soi), and easy to find. Last order at 7.30pm .Try it!",,,,,"November 28, 2016"
19,4,Kao soy with good local vibe,พ.ย.-16,Friends,"Just my kind of place. Authentic as locals highly recommended the restaurant. Wide variety of different kao soy. Other tasty northern Thai dishes for nibbling. I had the combination kao soy, good first choice. Not a dive, but definitely a local feel & experience.",,,,,"November 22, 2016"
56,3,"Ok, won't visit again though",ต.ค.-16,Family,Had lunch here as it was recommended for Khai soi. The Khai soi was just ok and I missed the finer flavours. It was more a stomach filling meal than an experience. Also tried the shredded jackfruit which I had never had before - unusual taste but quite good. Service was excellent and with a smile. In the end the food wasn't so much to my liking so I guess it's just a personal thing. Restaurant was crowded for sure - and the price is unbelievably low.,,,,,"October 24, 2016"
87,5,One of the best Khao Soi we had in Chiang Mai!,ต.ค.-16,Couples,Definitely one of our favorite spot in Chiang Mai. The Khao Soi was truly delicious (we had it with fried pork and with sausage and both were very tasty) and very fairly priced!,,,,,"October 19, 2016"
33,4,Authentic and tasty,ต.ค.-16,,"My family and I enjoyed the Kao Soy here. Simple and very tasty. They have a good selection of other simple dishes, price is very reasonable.",,,,,"October 18, 2016"
554,4,Good Kao Soi,ส.ค.-16,Couples,"This was a good find - a number of different types of Kao Soi and not just chicken or beef - Kao Soi was okay good. Atmosphere is fine indoors and outdoors. Service is good too, thanks! Best highlight was the peeled coconut drink we had after the dinner - strongly recommended!",,,,,"September 2, 2016"
803,3,Average taste but wide selection of Khao Soi,ส.ค.-16,Friends,Kao soi was just average but they offered a variety of khao soi not limited to chicken or beef. There are also deep fried pork and omelet khao soi as well. The price is not very expensive.,,,,,"August 8, 2016"
4,5,Highly recommendable,ก.ค.-16,Couples,"Great food, especially if you wish to try some more local northern thai dishes instead of the classic thai dishes served elsewhere and very reasonable prices.",,,,,"July 4, 2016"
334,4,Enjoy nice food,เม.ย.-16,Couples,Restaurant is providing really nice food. You have the choice of Khao soy and also have one bigger bowl which 5 ingredient can be choose. Staff are friendly and the price is pretty cheap for restaurant. Easy to go there by Tuk tuk,,,,,"April 29, 2016"
96,4,Better than expected,ก.พ.-16,Couples,"We randomly came across this restaurant from Google map. Their Kao soi was very good, think soup and tasty. We tried something else as well but it was not good. We only like Kao soi. Open only during the day.",4,4,4,,"March 4, 2016"
30,4,Inexpensive place for Chiang Mai special dish,ม.ค.-16,Couples,"This is one of the few places where you can find dinner if you want the northern specialty know soi (spelled different ways). It's a hearty flavorful noodle soup in a rich creamy curry broth. We tried the vegetarian option wth oyster mushrooms but you can get pork, chicken, squid, and shrimp if you want. I did not see tofu on the menu. The calamari is also good but a small portion. They have soft drinks, beer, no wine. There are curries and other dishes also which we didn't try. The staff are kind but English is not really spoken. We pointed, that worked. Really inexpensive, and a fun district with many bars, restaurants, places for massage, etc, on the west side of Chiang Mai.",5,4,4,,"January 28, 2016"
55,4,Nice place and food,ธ.ค.-15,,This place is nice and decoration. The food is little salt taste and the price is ok. The service is fine.,,,,,"December 25, 2015"
12,5,Best Thai green curry,พ.ย.-15,Couples,We stumbled upon this little gem by accident and enjoyed it so much we are back for a second visit. The Thai green chicken curry is the best I've ever had.,,,,,"November 8, 2015"
126,3,Great northern sausage Kao Soi,ต.ค.-15,Couples,"Sampling many different Kao Soi dishes around town I figured it was time to try Kao Soi Nimman. They have a variety of different ones to choose from. I went with the northern Thai style sausage which was great. Nice amount of spicy, mid sized portion. 75 baht prices it slightly higher than a true local Kao Soi stall but the atmosphere is pleasant and the staff are friendly.",,,,,"October 22, 2015"
48,4,Local Chiang Mai dish Kao Soi,ก.ย.-15,Solo,"I was recommended to try the local regional delicacy Kao Soi. I went for the Kao Soi green chicken curry. Really liked the noodles, including the fried noodle garnish. The noodles are like Italian tagliatelle, bit of a bite to them and not at all slimy. Very reasonably priced too. Chicken livers added to the chicken were not to my taste. Staff very friendly, attentive but not in your face.",5,4,4,,"September 19, 2015"
21,4,"Great restaurant, try the signature dish!",ส.ค.-15,,"We tried Kao Soi Nimman through a delivery service, so I can only speak to the food, not the service. I'd never had kao soi before, but it's quickly become one of my favorite Thai dishes! We also tried their garlic pork and garlic shrimp. Both were delicious, but VERY garlicky. There sticky rice seemed a little old (definitely could have been because of delivery) and the green curry was not as flavorful as others I've had in the city.",,,,,"August 23, 2015"
294,5,Went back again!,ส.ค.-15,Couples,"Read a review from someone living in Asia 20 years. Was not disappointed. Had dinner one night, had to go back the next week for lunch. Had khao soi twice, recommend with tasty northern sausage. Ordered crispy calamari, was excellent! It is a favorite, so I tend to judge a bit harshly. Can't wait to have it again. Very inexpensive too. Little to no English spoken but who cares?",,,,,"August 19, 2015"
8,3,Ok Kao Soy,ส.ค.-15,Couples,"After having numerous bowls of this northern Thailand dish, I found this place to be rather average for the inflated price. I've had bigger and better bowls at smaller family run restaurants. I order the squid Khao soy and it had four pieces of squid and not a lot of noodles. Was charged for ice also which was lame. Two bowls of soups, one bottle of water and ice = 190 B",2,4,3,,"August 15, 2015"
10,4,Delicious Kao Soi and excellent service,ก.ค.-15,,"Located in the heart of the Nimman area, Kao Soi Nimman serves one of the most delicious Kao Soi that I've tasted in Chiang Mai. The menu has a wide variety of Thai food to choose from. I had Kao Soi with northern Thai sausage (pork) and crispy fried wonton. The service is great and fast. The restaurant has a beautiful and spacious garden area to sit at, as well as an A/C indoor area.",,,,,"July 20, 2015"
205,2,Slow service and ok food,ม.ค.-15,Friends,"First time we went by it said they open at 4pm when we arrived at 4pm it said 5pm. We took no chance and showed up at 6, waited for a table for 10min while drinking a slighty warm Singh at the price of 100baht. The kao soi was good but nothing more, one dish was minced porc in banana leaf was not good at all, bones everywhere and bad taste. Rest of the dishes was ok. Service was amateur on a good Day. More lukewarm Singha arrived after asking for it twice. Will not return.",,,,,"January 2, 2015"
199,2,Soup is very sweet and oily - Extra charge for ice cubes,ก.ค.-14,Friends,"We went there the other day in search for the best Khao Soi Soup in Nimman area. The Khao Soi soup is a bit more pricey here, about 50 - 75 Baht, usually you can buy the soup at most places for around 40 Baht or even for 30 Baht on street food stalls. But OK I was willing to pay more since the place is well located and looks nice with an inviting outdoor seating. We ordered 2 Khao Soi soup and a coke. The waiter brought the food within minutes. First I thought, wow, a big serving, but actually only the bowl is big, it's not even half filled with soup. So the portions are not that amazing. The crunchy noodles were delicious. But the soup itself was very oily and extremely sweet, definitely too sweet for me. I would give the soup 3 stars out of 5. So far the best Khao Soi soup I ate at Hong Tauw Restaurant on Nimman Road. Nevertheless, I would not eat again at Khao Soi Nimman. When we asked for the bill we had a very unpleasant surprise. The waiter charged us extra 15 baht for the ice cubes in our coke. Excuse me? I didn't even order ice cubes. I never paid anywhere extra for the ice cubes. Well, I swallowed my anger since I know it's not the waiters fault and paid for it. But this was enough to leave me angry and I decided I won't return to this place. Ever. Charging extra for ice is also a way of getting rid of your customers. Ridiculous! Read less",1,3,3,4,"July 10, 2014"
26,5,Find from New York Times,มี.ค.-14,Couples,"We were going to Thailand to see our son studying abroad, so we found some information in a New York Times Article about Chiang Mai. This restaurant is featured. It is a typical laid back open air place serving classic Kao Soi Noddles. Great eating and a cool part of town.",,,,,"April 12, 2014"
71,5,Best Kao Soi in Chiang Mai,ธ.ค.-12,Friends,"Have tried Kai Soi in alot of locations in my two years of living in Chiang Mai and have settled on this being the best. For those who don't know what Kao Soi is, its the northern laksa (with or without coconut milk), it is more earthy though than your singapore or malaysia laksa. It usually contains a chicken leg, but can also contain pork or beef. Kao Soi Nimman has a good variety of alternatives, make sure you put the pickle over the top. They also have a terrific selection of other Lanna specialties such as Hung Lay Curry (sweet pork curry), Naem (Fermented Sausage) with egg (Kai) and a traditional kantoke selection of assorted vegetables, sausage dipping sauce and sticky rice. Its directly opposite Beconfinno's. Read less",5,3,5,3,"January 7, 2013"
